mol_id,smiles,antibacterial,Polyketides,cluster
45,Cc1cc(O)cc(O)c1C(=O)OC(C)Cc1cc(O)cc(O)c1C(=O)OC(C)Cc1cc(O)cc(O)c1C(=O)OC(C)Cc1cc(O)cc(O)c1C(=O)O,0,1,5
111,Cc1cc(O)c2c(c1)C(=O)c1cccc(O)c1C2=O,0,1,6
142,COc1c(C)c2c(c(O)c1CC=C(C)CCC(=O)OCCN1CCOCC1)C(=O)OC2,1,1,5
144,COC1CC2CCC(C)C(O)(O2)C(=O)C(=O)N2CCCCC2C(=O)OC(C(C)CC2CCC(O)C(OC)C2)CC(=O)C(C)C=C(C)C(O)C(OC)C(=O)C(C)CC(C)C=CC=CC=C1C,1,1,0
200,Cc1cc(O)cc(Oc2cc(C)cc(O)c2O)c1,1,1,6
207,CCCCCCC(C)C1=C(O)C(=O)C2C(O)C(C)CC(O)C2C1(C)C(=O)C=CO,0,1,3
214,Oc1cc(O)cc(Oc2c(O)cc(O)c3c2Oc2c(O)cc(O)c(-c4c(O)cc(O)c5c4Oc4c(O)cc(O)c(Oc6cc(O)cc(O)c6)c4O5)c2O3)c1,0,1,6
231,CCCCCc1cc(O)cc(O)c1C(=O)Oc1cc(O)c(C(=O)Oc2cc(O)c(C(=O)O)c(CCC)c2)c(CCC)c1,0,1,5
232,CCCCCc1cc(OC(=O)c2c(O)cc(OC(=O)c3c(O)cc(O)cc3CCC)cc2CCC)cc(O)c1C(=O)O,0,1,5
233,CCCCC(C)C1=C(O)C(=O)C2CC(C)CC(C(=O)O)C2C1(C)C(=O)CCO,0,1,3
242,CCC(C)c1c(OC2CC(OC3CC(O)C(O)C(C)O3)C(O)C(C)O2)cc2cc3c(c(O)c2c1O)C(=O)C(OC1CC(OC2CC(OC4CC(OC5CC(O)C(O)C(C)O5)C(O)C(C)O4)C(OC(C)=O)C(C)O2)C(O)C(C)O1)C(C(OC)C(=O)C(O)C(C)O)C3,0,1,1
243,CCC(C)c1c(OC2CC(OC3CC(O)C(O)C(C)O3)C(O)C(C)O2)cc2cc3c(c(O)c2c1O)C(=O)C(OC1CC(OC2CC(OC4CC(O)C(O)C(C)O4)C(OC(C)=O)C(C)O2)C(O)C(C)O1)C(C(OC)C(=O)C(O)C(C)O)C3,0,1,1
245,CC=CC=CC1=C2C3=CC(=O)C(C)(OC(=O)CC(C)O)C(=O)C3=CN3CCC(O)C(O1)C23,0,1,3
256,CC=CC=CC1=CC2=C(CO1)C(=O)C(C)(O)C(O)C2,0,1,4
258,CC=CC=Cc1cc(=O)c2c(o1)OC1(C)CCC3(O)C4(CCC(O)(OC4)C3(C)C)C1C2O,0,1,4
263,CCCC(CCCCCCCc1cc(O)cc(O)c1C(=O)OC(CCC)CCCCCCCc1cc(O)cc(O)c1)OC(C)=O,0,1,5
264,CCCC(O)CCCCCCCc1cc(O)cc(O)c1C(=O)OC(CCC)CCCCCCCc1cc(O)cc(O)c1,0,1,5
265,CCCC=CCCCCCCc1cc(O)cc(O)c1C(=O)OC(CCC)CCCCCCCc1cc(O)cc(O)c1,0,1,5
266,COc1cc2c(c(O)c1O)C1(C)Oc3c(O)c(OC)cc(CO)c3C(C)(O1)C2=O,0,1,6
267,COc1cc2c(c(O)c1O)C1(C)Oc3c(O)c(OC)cc(C=O)c3C(C)(O1)C2=O,0,1,6
275,Cc1cc(=O)c2c(O)cc3c(c2o1)C(=O)c1c(cc(O)c(Cl)c1O)C3=O,0,1,6
276,Cc1cc(=O)c2c(O)c3c(cc2o1)C(=O)c1cc(O)c(Cl)c(O)c1C3=O,0,1,6
277,Cc1cc(=O)c2c(O)cc3c(c2o1)C(=O)c1c(O)cc(O)cc1C3=O,0,1,6
278,Cc1cc(=O)c2c(O)c3c(cc2o1)C(=O)c1cc(O)cc(O)c1C3=O,0,1,6
287,CC(C)(COC(=O)c1ccc2c(c1)OCO2)CC1=C(O)C(=O)c2ccccc2C1=O,0,1,4
292,COc1cc(C)cc2c(-c3c(O)cc(O)c4c3CC(C)NC4C)cc(-c3cc(-c4c(O)cc(O)c5c4CC(C)NC5C)c4cc(C)cc(OC)c4c3O)c(O)c12,0,1,1
335,COC1CC2CCC(C)C(O)(O2)C(=O)C(=O)N2CCCCC2C(=O)OC(C(C)CC2CCC(OCCO)C(OC)C2)CC(=O)C(C)C=C(C)C(O)C(OC)C(=O)C(C)CC(C)C=CC=CC=C1C,1,1,0
348,CC=CC1=CC2=CC(=O)C(C)(OC(=O)c3c(O)cc(O)c(O)c3C)C(=O)C2(O)C(O)O1,0,1,4
349,CCCC1(OC)OC(=O)c2c1cc(O)c(O)c2C,0,1,6
350,O=Cc1cc(C(=O)O)cc(O)c1C(=O)c1c(O)cccc1O,0,1,6
373,CC(C)C([NH3+])C(=O)OC(C)C1CC=CCCC(O)C(C)(C)C2CCC(C)C3(O2)O[B-]24OC(C(=O)O1)C1(OC(CCC1C)C(C)(C)C(O)CCCC1CC(OC(=O)C3O2)C(C)O1)O4,1,1,0
381,CCCC=CC=CC(=O)OC1C(=CC(=O)OC)CC2CC(C(C)O)OC(=O)CC(O)CC3CC(OC(C)=O)C(C)(C)C(O)(CC4CC(=CC(=O)OC)CC(C=CC(C)(C)C1(O)O2)O4)O3,0,1,0
390,COc1cc(OC)c2c(c1)cc(O)c1c(=O)cc(C)oc12,0,1,6
393,CC(C=CC(C)=CC1Cc2nc(cs2)C(C)CC(N)CC(=O)OC(C)CC(C)=CC=CC(=O)O1)=CCN(C)C,0,1,7
404,CC=CC1C=CC2CC(C)CCC2C1(C)C(O)=C1C(=O)C(CO)N(C)C1=O,1,1,3
485,CC1COC2=C1C(=O)C(=O)c1c2ccc2c1CCCC2(C)C,0,1,1
518,Cc1cccc2c3c(ccc12)C1=C(C(=O)C3=O)C(C)CO1,0,1,6
645,COc1c(C)c2c(c(O)c1CC=C(C)CCC(=O)O)C(=O)OC2,1,1,5
649,CC1C=CC=CC=CC=CC=CC=CC=CC(OC2OC(C)C(O)C(N)C2O)CC2OC(O)(CC(O)CC(O)C(O)CCC(O)CC(O)CC(=O)OC(C)C(C)C1O)CC(O)C2C(=O)O,1,1,0
654,CC1C=CC=CC=CC=CC=CC=CC=CC(OC2OC(C)C(O)C(N)C2O)CC(O)C(C(=O)O)C(O)CC(=O)CC(O)CC(O)CC(O)CC(=O)CCCC(=O)CC(=O)OC1C(C)CC(C)C(O)CC(=O)c1ccc(N)cc1,1,1,0
662,CC1CC=CC=CC=CC=CC(OC2OC(C)C(O)C(N)C2O)CC2OC(O)(CC(O)CC3OC3C=CC(=O)O1)CC(O)C2C(=O)O,1,1,0
663,CC1C=CC=CCCC=CC=CC=CC=CC(OC2OC(C)C(O)C(N)C2O)CC(O)C(C(=O)O)C(O)CC(=O)CC(O)C(O)CCC(O)CC(O)CC(O)CC(=O)OC(C)C(C)C1O,1,1,0
674,COC1=CC(=O)CC(C)C12Oc1c(Cl)c(OC)cc(OC)c1C2=O,1,1,1
679,CCCCCC(O)C1C(=O)OC(C)C(O)C=CC=CC=CC=CC=C(C)C(O)C(O)C(O)CC(O)CC(O)CC(O)CC(O)CC1O,0,1,3
684,Cc1cc(O)c2c(c1)OC1(C)CCC3C(C)(C)CCCC34COC2C14,0,1,4
690,COC1C(OC(=O)C=CC=CC=CC=CC(=O)O)CCC2(CO2)C1C1(C)OC1CC=C(C)C,1,1,3
717,CC1C=CC=CCCC=CC=CC=CC=CC(OC2OC(C)C(O)C(N)C2O)CC2OC(O)(CC(O)C(O)CCC(O)CC(O)CC(O)CC(=O)OC(C)C(C)C1O)CC(O)C2C(=O)O,1,1,0
720,CCC(C)(C)c1ccc(CC(C)CN2CC(C)OC(C)C2)cc1,0,1,3
722,CC(=O)C1=C(O)C=C2Oc3c(C(C)=O)c(O)c(C)c(O)c3C2(C)C1=O,0,1,6
728,CC(C)C1OC(=O)C(Cc2ccccc2)N(C)C(=O)C(C(C)C)OC(=O)C(Cc2ccccc2)N(C)C(=O)C(C(C)C)OC(=O)C(Cc2ccccc2)N(C)C1=O,0,1,5
730,COC1=CC(=O)c2c(c(O)c3oc4cc(OC)cc(C)c4c(=O)c3c2O)C1=O,1,1,6
736,COc1cc(Cl)c(OC)cc1Cl,0,1,6
759,CCC1C=CC=CCC(C)C(O)C(C)(O)C(=O)C(C)C(O)C(C)C(=O)C(C)C(O)C(C)C=CC(=O)OC2CC3(CCC(C)C(CC(C)O)O3)OC(CC1)C2C,1,1,0
800,COC1=CC(C)=CC(C)C(O)C(C)CC(C)=CC=CC(OC)C(C(C)C(O)C(C)C2(O)CC(O)C(C)C(C(C)C)O2)OC1=O,0,1,7
801,CCC1(C2OC(C3OC(O)(CO)C(C)CC3C)CC2C)CCC(C2(C)CCC3(CC(O)C(C)C(C(C)C(OC)C(C)C(=O)O)O3)O2)O1,1,1,0
808,CCC1C=CC=CCC(C)C(O)C(C)(O)C(=O)C(C)C(O)C(C)C(=O)C(C)C(O)C(C)C=CC(=O)OC2C(C)C(CC1)OC1(CCC(C)C(CC(C)O)O1)C2C,1,1,0
813,CCC1C=C(C)CC(C)CC(OC)C2OC(O)(C(=O)C(=O)N3CCCCC3C(=O)OC(C(C)=CC3CCC(O)C(OC)C3)C(C)C(O)CC1=O)C(C)CC2OC,1,1,7
833,CCC(C)C(=O)OC1CCC=C2C=CC(C)C(CCC3CC(O)CC(=O)O3)C21,1,1,0
837,COc1cc(O)c2c(c1)C(=O)c1cc(C)cc(O)c1C2=O,1,1,6
850,O=C1C=C(O)C(=O)c2ccccc21,0,1,6
857,O=C1OCc2c(Cl)c(Cl)c(Cl)c(Cl)c21,0,1,6
866,CCC(C=CC1OC(=O)C=CC1C)=CC(C)CC=CC(C)=CC(C)C(=O)C(C)C(O)C(C)CC(C)=CC(=O)O,0,1,3
867,CC(C=CC1OC(=O)C=CC1C)=CC(C)CC=CC(C)=CC(C)C(=O)C(C)C(O)C(C)CC(C)=CC(=O)O,0,1,3
879,O=c1oc2cc(O)ccc2c(O)c1-c1ccc(OC2OC(CO)C(O)C(O)C2O)cc1O,1,1,1
882,COC1=C(C)C(=O)C2=C(CCc3cc(O)ccc3O2)C1=O,1,1,6
884,CCCCC(=O)OC1CC(OC(C)C(C)C(O)C(C)C(O)C(C)C2OC(=O)C=CCC(O)CC(O)CC(O)CCC(C)C(O)CC3(O)OC(CC(O)CC(OC(=O)CC(=O)O)CCCC(O)C4OC4C2C)CC(O)C3O)OC(C)C1O,0,1,0
885,CCCCC(C(=O)OC)C(=O)OC1CCCC(O)C2OC2C(C)C(C(C)C(O)C(C)C(O)C(C)C(C)OC2CC(OC)C(OC)C(C)O2)OC(=O)C=CCC(O)CC(O)CC(O)CCC(C)C(O)CC2(O)OC(CC(O)C1)CC(O)C2O,0,1,0
891,CCCCCCCCC=CCCC=CC1CC(C(O)(CC(=O)OC(C(=O)O)C(CC(=O)O)C(=O)O)C(=O)O)C(=O)O1,0,1,3
892,CCCCCC=CCC=CCCC=CC1CC(C(O)(CC(=O)OC(C(=O)O)C(CC(=O)O)C(=O)O)C(=O)O)C(=O)O1,0,1,3
894,CC=CC=CC=CC1=CC2=CC(=O)C(C)(OC(=O)CC(C)O)C(=O)C23OC3O1,0,1,3
895,CC=CC=CC=CC1=CC2=CC(=O)C(C)(OC(=O)CC(C)O)C(=O)C2=CO1,0,1,3
896,COC(=O)C=C(OC)C(C)C(C=Cc1csc(-c2csc(C(C)C)n2)n1)OC,0,1,3
904,CCCCCC=CC=CC(O)CC=CC=CC(=O)OC1C(O)C(Oc2c(O)cc(O)cc2CO)OC(CO)C1OC1OC(C(O)COC(=O)C=CC=CCCC(O)CC)C(O)C1O,0,1,3
913,CCC(C)c1cc2c(Cl)c3c(c(O)c2c(=O)n1N)-c1c(O)c2c(c4c1C(C3)OCO4)OC1C(OC)C=CC(O)C1C2=O,0,1,4
919,COc1ccnc(C(=O)NC2COC(=O)C(Cc3ccccc3)C(OC(=O)C(C)C)C(C)OC2=O)c1O,0,1,3
920,CC=C(C)C(=O)OC1C(C)OC(=O)C(NC(=O)c2nccc(OC)c2O)COC(=O)C1Cc1ccccc1,0,1,4
923,CC1CC(O)C(O)C=CC2OC2C(=O)O1,0,1,3
924,CC=CC(=O)OC1CC(C)OC(=O)C2OC2C=CC1O,0,1,7
933,CCC(O)CC1CCCC2(CC3OC(=O)C=CC(C)(O)C(O)C(C)C(O)C(O)C(O)C(C)(O)CCCCCC=CC4CC(C)(C)OC4(O)CC(O2)C3C)O1,0,1,0
934,CCC(O)CC1CCCC2(CC3OC(=O)C=CC(C)(O)C(O)C(C)C(O)C(OC4CCC(N(C)C)C(C)O4)C(O)C(C)(O)CCCCCC=CC4CC(C)(C)OC4(O)CC(O2)C3C)O1,0,1,0
938,CC1CC2=C(O1)c1cccc(O)c1C(=O)C2=O,0,1,1
943,CCCC(O)CC1CCC(C)CCCCC(=O)N(C)C(Cc2ccc(OCCO)cc2)C(=O)O1,0,1,3
944,CCCCCC1CCC(C)CCCCC(=O)N(C)C(Cc2ccc(OCCO)cc2)C(=O)O1,0,1,3
949,CCC(C)C=CC1=CC2=C(Cl)C(=O)C3(C)OC(=O)C(C(=O)C(C)C(C)O)=C3C2=CO1,0,1,3
950,CCC(C)C=CC1=CC2=C(Cl)C(=O)C3(C)OC4(O)C(C)C(C)OC(=O)C4C3C2=CO1,0,1,3
951,Cc1cc(O)c(C(=O)c2c(O)ccc(O)c2C)c(O)c1-c1c(C)cc(O)c(C(=O)c2c(O)ccc(O)c2C)c1O,1,1,6
956,CCC(C)C=C(C)C=CC1=CC2=CC3=C(C(C)=O)C(=O)OC3(C)C(=O)C2=CO1,0,1,3
957,CCC(C)C=C(C)C=CC1=CC2=C(Cl)C(=O)C(C)(O)C(CC(C)=O)C2=CO1,0,1,3
958,CC1=CC=C2C=CC(C)=C(C)CC(C)C(=O)C(C(=O)O)C3(C)OC(=C1O2)C(O)=C3O,0,1,4
959,CCC(C)C=C(C)C=CC1=CC2=CC3=C(C(C)=O)C(=O)OC3(C)C(O)C2=CO1,0,1,3
960,CC(=O)C1=C2C=C3C=C(C=CC(C)=CC(C)CCO)OC=C3C(O)C2(C)OC1=O,0,1,3
961,CCC(C)C=C(C)C=CC1=CC2=C(Cl)C(=O)C3(C)OC(=O)C(C(C)=O)=C3C2=CO1,0,1,3
970,CCCCCC=CC=CC(=O)OCC1OC(OC2C(CO)OC3(OCc4cc(O)cc(O)c43)C(O)C2OC(=O)C=CC=CCC(O)C(C)=CC=CCCC(C)CC)C(O)C(O)C1O,0,1,3
971,CCC(O)C=CC=CC=CC(=O)OCC1OC(OC2C(CO)OC3(OCc4cc(O)cc(O)c43)C(O)C2OC(=O)C=CC=CCC(O)C(C)=CC=CCCC(C)CC)C(O)C(O)C1O,0,1,7
972,CCC(C)CCC=CC=C(C)C(O)CC=CC=CC(=O)OC1C(O)C(CO)OC2(OCc3cc(O)cc(O)c32)C1O,0,1,3
999,CCC1C(C)OC(O)(C(C)C(O)C(C)C2OC(=O)C=CC=CC(C)C(C(C)C(O)C(C)C3(O)CC(OC4CC(O)C(O)C(C)O4)C(CC)C(C)O3)OC(=O)C=CC=CC2C)CC1OC1CC(O)C(O)C(C)O1,0,1,0
1002,COC=C(C(=O)OC)C(C)=CC=Cc1ccccc1,0,1,5
1003,CC1CC(C)CC(C)C(O)C(C#N)=CC=CCC(C2CCCC2C(=O)O)OC(=O)CC(O)C(C)C1,1,1,7
1004,CC(=O)c1c(O)cc(O)c(C(C)=O)c1O,1,1,6
1006,CCC=CC(CC)CCCC1(CC)CC(CC)C(CC(=O)O)OO1,0,1,3
1011,CC(C)OP(=O)(OC(C)C)SCc1ccccc1,0,1,5
1120,COc1cc(O)c2c(c1)C1OC1CC(O)C(O)C(=O)C=CCC(C)OC2=O,0,1,1
1123,CCCCCCCCCCCCN1CC(C)OC(C)C1,0,1,3
1127,COc1cc(C)c(C(=O)c2c(OC)ccc(Br)c2C)c(OC)c1OC,0,1,6
1129,CCCCCCCCCCCCCN1CC(C)OC(C)C1,0,1,3
1130,CCCCCCCCCCCN1CC(C)OC(C)C1,0,1,3
1131,CCCCCCCCCCCCCCN1CC(C)OC(C)C1,0,1,3
1144,COC=C(C(=O)OC)C(C)=CC=Cc1ccc(Cl)c(OC)c1,0,1,5
1174,CC(=O)C1C(=O)C=C(C)OC1=O,1,1,5
1182,Oc1ccc(C2OCC3OC3O2)cc1,1,1,4
1190,O=C1CC(O)C2c3ccc(O)c4c3C(c3ccc(O)c1c32)C(O)CC4=O,0,1,6
1194,COC1=CC2(C)OC(=O)c3c(O)cc(OC)cc3C2=C(O)C1=O,0,1,6
1195,C=C1C(=O)OC2C(CCCCCC)OC(=O)C12,0,1,3
1196,O=C1C(Cl)=CC2(Oc3cccc4cccc(c34)O2)C23OC12C(O)CCC3=O,0,1,1
1207,CCCCCCCC1OC2=C(C(=O)C(C)O2)C(O)C1(C)O,0,1,3
1208,CCCCCCCC1OC2=C(C(=O)OC2C)C(O)C1(C)O,0,1,3
1220,COc1cc(OC)c2c(O)c3c(=O)cc(C)oc3c(-c3c4cc(OC)cc(OC)c4c(O)c4c(=O)cc(C)oc34)c2c1,0,1,6
1227,CC1CC2OC2C=CC=CC(=O)Cc2c(Cl)c(O)cc(O)c2C(=O)O1,0,1,4
1228,O=C1C(O)=C(C2CCC(c3ccc(Cl)cc3)CC2)C(=O)c2ccccc21,0,1,6
1235,CCC1OC(=O)C(C)C(OC2CC(C)(OC)C(O)C(C)O2)C(C)C(OC2OC(C)CC(N(C)C)C2O)C(C)(O)CC(C)CN(C)C(C)C(O)C1(C)O,1,1,2
1262,CCC1OC(=O)C(C)C(OC2CC(C)(OC)C(O)C(C)O2)C(C)C(OC2OC(C)CC(N(C)C)C2O)C(C)(OC)CC(C)C(=O)C(C)C(O)C1(C)O,1,1,2
1275,CC(C)=CCC1=C(O)C(O)(CC=C(C)C)C(=O)C(C(=O)CC(C)C)=C1O,1,1,5
1286,CC(=CC(=O)OCCCCCCCCC(=O)O)CC1OCC(CC2OC2C(C)C(C)O)C(O)C1O,1,1,3
1321,COC1C(OC(C)=O)CC(=O)OC(C)CC=CC=CC(OC2CCC(N(C)C)C(C)O2)C(C)CC(CC=O)C1OC1OC(C)C(OC2CC(C)(O)C(O)C(C)O2)C(N(C)C)C1O,1,1,2
1326,COC1C(OC(C)=O)CC(=O)OC(C)CC=CC=CC(O)C(C)CC(CC=O)C1OC1OC(C)C(OC2CC(C)(O)C(OC(=O)CC(C)C)C(C)O2)C(N(C)C)C1O,1,1,2
1330,CCC1OC(=O)C(C)C(OC2CC(C)(OC)C(O)C(C)O2)C(C)C(OC2OC(C)CC(N(C)C)C2O)C(C)(O)CC(C)C(=NOCOCCOC)C(C)C(O)C1(C)O,1,1,2
1398,CC1=CC2C(O)C(C)CCC2C2(C)C(=O)OC(C)CCCC=C(C(=O)O)C(O)C(C)C=CC=CC12,1,1,7
1406,COc1ccc(O)c2c1C(=O)c1cc3c(c(O)c1C2=O)C(OC1CC(C)(N(C)C)C(O)C(C)O1)C(OC)C(C)(O)C3O,1,1,9
1407,CC(=O)OCC12Oc3c(-c4ccc(O)c5c4OC4(COC(C)=O)C(=C(O)CC(C)C4OC(C)=O)C5=O)ccc(O)c3C(=O)C1=C(O)CC(C)C2OC(C)=O,1,1,1
1408,CC(=O)OCC12Oc3ccc(-c4ccc(O)c5c4OC4(COC(C)=O)C(=C(O)CC(C)C4OC(C)=O)C5=O)c(O)c3C(=O)C1=C(O)CC(C)C2OC(C)=O,1,1,1
1412,COc1c(O)cc2oc(C)cc(=O)c2c1O,1,1,6
1417,CCc1c(Cl)c(O)c(Cl)c(O)c1C(=O)OC1C(C)OC(OCC2=CC=CCC(O)C(C)=CC(CC)C(OC3OC(C)(C)C(OC(=O)C(C)C)C(O)C3O)C(C)=CC(C)=CCC(C(C)O)OC2=O)C(OC)C1O,1,1,0
1418,CC(C)=CC(=O)c1c(O)cc2c(c1C)OC(=O)c1c(C)cc(O)c(C=O)c1O2,1,1,6
1445,COC1C(O)CC(=O)OC(C)CC=CC=CC(OC2CCC(N(C)C)C(C)O2)C(C)CC(CC=O)C1OC1OC(C)C(OC2CC(C)(O)C(O)C(C)O2)C(N(C)C)C1O,1,1,2
1465,CCC1OC(=O)C(C)C(OC2CC(C)(OC)C(O)C(C)O2)C(C)C(OC2OC(C)CC(N(C)C)C2O)C(C)(O)CC(C)(F)C(=O)C(C)C(O)C1(C)O,1,1,2
1508,CC(C)=CCCC1(C)C(CC=C(C)C)CC2(CC=C(C)C)C(=O)C(CC=C(C)C)=C(O)C1(C(=O)C(C)C)C2=O,1,1,3
1510,COC1CC(CC2CCC(C)C(C(C)C(=O)O)O2)OC2(OC(C)(C3CCC(C)(C4OC(C5OC(O)(CO)C(C)CC5C)CC4C)O3)CC2C)C1C,1,1,0
1513,O=c1c(O)cccc2cc(O)c(O)c(O)c12,1,1,6
1534,O=C1C=CC(=O)c2c(O)ccc(O)c21,1,1,6
1545,CCC(C)C1C(=O)OC2c3cc(C)cc(O)c3C3=C(C(=O)c4c(OC5CC(O)C(O)C(C)O5)cccc4C3=O)N21,1,1,1
1577,CC1=C(O)C(=O)c2c(O)c(O)c(C)c(O)c2C1=O,1,1,6
1578,Cc1cc(O)cc2c1C1OC(C)(Cc3cc4c(c(O)c31)C(=O)c1c(O)cc(O)cc1C4(C)C)O2,1,1,1
1579,CCC1CC(=O)c2c(cc(O)c3c2C(=O)c2cccc(OC4CC(N)C(O)C(C)O4)c2C3=O)C1,1,1,9
1580,CCC1CC(=O)c2c(cc(O)c3c2C(=O)c2cccc(O)c2C3=O)C1,1,1,6
1581,CCC1CC(=O)c2c(cc(O)c3c2C(=O)c2cccc(OC)c2C3=O)C1,1,1,6
1595,CCC1CC23OC(=O)C(=C2O)C(=O)C2(CC)C(C=CC4C(OC5CC(O)C(NC(=O)c6[nH]c(Cl)cc6Cl)C(C)O5)C(C)CCC42)CC=CCC(C)=CC3(C)C=C1C(=O)O,1,1,7
1600,CS(=O)c1cc(O)cc(CO)c1O,1,1,6
1602,CC(=O)C1=C(O)C(C)(CC=C(C)C)C(O)=C(Cc2c(O)c3c(c(C(C)=O)c2O)OC(C)(C)C=C3)C1=O,1,1,4
1603,CC(=O)C1=C(O)C(C)(CC=C(C)C)C(O)=C(Cc2c(OCC=C(C)C)cc(O)c(C(C)=O)c2O)C1=O,1,1,6
1604,CC(=O)C1=C(O)C(C)(CC=C(C)C)C(O)=C(Cc2c(O)c(CC=C(C)C)c(O)c(C(C)=O)c2O)C1=O,1,1,5
1605,CC(=O)C1=C(O)C(C)(CC=C(C)C)C(O)=C(Cc2c(O)c(C(C)=O)c(O)c3c2OC(C)(C)C=C3)C1=O,1,1,4
1607,CC(C)CC=CC=CC(=O)NC1=CC(O)(C=CC=CC=CC(=O)NC2=C(O)CCC2=O)C2OC2C1=O,1,1,3
1608,CC(C)=CCC1CC2(CC=C(C)C)C(=O)C(C(=O)c3ccccc3)=C(O)C(CC=C(C)C)(C2=O)C1(C)C,1,1,4
1610,COC1CC=CC=CCC(C)C(O)C(C)C(O)C(C)C(O)CC(=O)OC(C(C)C(O)C=C(C)C=CC=CC=CC=CC=CCC(O)C=C(C)CCC(=O)O)CC(O)CCC1,1,1,0
1611,CCCC(=O)c1c(O)c(C)c(O)c(CC2=C(O)C(C)(C)C(O)=C(C(C)=O)C2=O)c1O,1,1,5
1612,CCCC(=O)c1c(O)c(C)c(O)c(CC2=C(O)C(C)(C)C(O)=C(C(=O)CC)C2=O)c1O,1,1,6
1616,COc1cc(C)c(O)c(CC=C(C)CC(=O)C=C(C)CCCC(C)C(=O)C(O)C=C(C)C)c1,1,1,5
1621,CC1OC2CC(=O)OC2C2=C1C(=O)c1cc(-c3cc(O)c4c(c3)C(=O)C3=C(C4=O)C4OC(=O)CC4OC3(C)O)cc(O)c1C2=O,1,1,1
1649,COC12CC(=O)OC13C(=O)c1c(cc4cc(O)c5c(c4c1O)CN(C)C5=O)C(=O)C3(OC1CCC(O)C(C)O1)CO2,1,1,1
1658,Cc1cc(O)c2c(c1)C(=O)C1=C(C2=O)C(O)C(O)C(O)C1,1,1,1
1659,COC1=CC(=O)c2c(O)c3c(c(C)c2C1=O)CC1(O)C(OC2CCC(OC4CC(C)(O)C(OC(=O)c5c(C)ccc(C)c5O)C(C)O4)C(C)O2)C(=O)C(=C(C)O)C(=O)C1(O)C3=O,1,1,9
1660,CC1CC(=O)C2(O)C3=C(C=CC2(O)C1)C(=O)c1c(O)cccc1C3=O,1,1,1
1671,COc1cc(O)c2c(c1)C=CCC(O)C(O)C(O)C=CCC(C)OC2=O,1,1,4
1672,COc1cc(O)c2c(c1)C=CCC(O)C(O)C(=O)C=CCC(C)OC2=O,1,1,1
1676,Cc1cc(O)c2c(c1)OC1(C)C(O)CCC(O)C1(O)C2=O,1,1,1
1677,CC12Oc3cc(CO)cc(O)c3C(=O)C1(O)C(O)CCC2O,1,1,1
1678,CC1(C2CCC(=O)O2)CC(=O)c2c(O)cc(O)cc2O1,1,1,1
1679,COC1=CC(=O)C(O)C2(O)C(=O)c3c(O)cc(C)cc3OC12C,1,1,1
1680,CC1Oc2cccc(O)c2C(=O)C1O,1,1,1
1681,Cc1cc2c(c(O)c1-c1c(C)cc3c(c1O)C(=O)C1=C(O)C=CC(O)C1(C)O3)C(=O)C1=C(O)C=CC(O)C1(C)O2,1,1,1
1682,Cc1cc2c(c(O)c1-c1c(C)cc3c(c1O)C(=O)C1=C(O)C=CC(O)C1(C)O3)C(=O)C1=C(O)C=CC(=O)C1(C)O2,1,1,1
1686,CC=C(CO)c1oc(=O)cc(OC)c1CO,1,1,4
1687,CC(C)=CCOc1c(C)cc(O)c2c1C(O)Oc1c(CC=C(C)C)ccc(O)c1C2=O,1,1,6
1688,C=C1C2(C)CC3C4(C)CCC(=O)C(C)(C)C4CCC3(C)C1(C(=O)OC)C(=O)C(C)(O)C2=O,1,1,4
1698,CCCCCc1cc(O)c(CC=C(C)CCC=C(C)C)c(O)c1,1,1,5
1699,Cc1ccc2c(c1O)C(=O)c1ccc(O)cc1C2=O,1,1,6
1700,Cc1c(O)cc2c(c1O)C(=O)c1ccccc1C2=O,1,1,6
1701,CC=CC1=CC2=C(CO1)C(=O)C(C)(OC(=O)c1c(C)cc(O)c(O)c1OC)C(O)C2,1,1,4
1702,CC=CC1=CC2=C(CO1)C(=O)C(C)(O)C(OC(=O)c1c(C)cc(O)cc1O)C2,1,1,4
1703,CC=CC1=CC2=C(CO1)C(=O)C(C)(O)C(OC(=O)c1c(C)cc(O)c(O)c1OC)C2,1,1,1
1770,COc1cc(OC)c2c(O)c3c(c(-c4c(OC)cc5cc(O)c6c(=O)cc(C)oc6c5c4OC)c2c1)OC(C)(O)CC3=O,1,1,6
1771,COc1cc(OC)c2c(O)c3c(=O)cc(C)oc3c(-c3c(OC)cc4cc(O)c5c(=O)cc(C)oc5c4c3OC)c2c1,1,1,6
1793,CCC(=CC=CC1C=CC2C(CC)CCC2C1C(=O)c1ccc[nH]1)C1OC(C(C)C(=O)O)CCC1C,1,1,3
1803,O=C1C=C2COC(O)C=C2O1,1,1,4
1807,COC1=C(O)c2c(O)cc(C)c3c4c(c(O)c(c23)C1=O)C(C)(C)C(C)O4,1,1,1
1808,COC(=O)CC1Cc2cc3c(-c4c(OC)cc(O)c5c(O)c6c(cc45)CC(CC(=O)OC)OC6=O)c(OC)cc(O)c3c(O)c2C(=O)O1,1,1,1
1831,CCCCCCCCCCCCCCCc1cc(O)cc(O)c1,0,1,5
1833,COc1c(CC=C(C)C)c(O)c(C(CC(C)C)c2c(O)c(CC=C(C)C)c(O)c(C(C)=O)c2O)c(O)c1C(C)=O,0,1,5
1842,COc1cc(O)c2c(=O)c3c(O)ccc(O)c3oc2c1,0,1,6
1849,CCCCCCCCCCCC1=C(O)C(=O)C=C(O)C1=O,0,1,5
1856,COc1ccc2oc3cc(O)cc(O)c3c(=O)c2c1,0,1,6
1863,COC1C=CC(C)C2OC(O)(C(C)C(=O)OC(c3ccccc3)CCCCC1OC)C(OC)C(O)C2C,0,1,1
1868,COc1c2ccoc2cc2oc(C)cc(=O)c12,0,1,6
1953,CC=C(C)C=CC=CC(OC)C(C)C(OC)C(C)CCc1oc2c(O)c(OC)cc(OC)c2c(=O)c1C,1,1,5
1954,CC1C=CC2=CCCC(O)C2C1CCC1CC(O)CC(=O)O1,0,1,7
1956,CC1C=CC2=CCCCC2C1CCC1CC(O)CC(=O)O1,0,1,7
1962,Cc1cc(O)c2c(c1)C(=O)c1cc(O)cc(O)c1C2=O,0,1,6
1963,O=c1cc(CO)occ1O,0,1,6
1969,CC1C=C2C=CC(C)C(CCC3CC(O)CC(=O)O3)C2CC1,0,1,7
1979,CCC(Br)=CC=CC1CC2OC(C=C=CBr)CC2O1,0,1,3
1980,COc1ccc(-c2cc3c(c(=O)o2)CC2(O)C(C)(CCC4(O)C(C)(C)C=CC(=O)C42C)O3)cc1OC,0,1,1
1981,COc1ccc(-c2cc3c(c(=O)o2)CC2(O)C(C)(CCC4(O)C(C)(C)C=CC(=O)C42C)O3)cc1,0,1,1
1982,COc1ccc(-c2cc3c(c(=O)o2)CC2C(C)(CCC4(O)C(C)(C)C(=O)CCC24C)O3)cc1,0,1,1
1983,COc1ccc(-c2cc3c(c(=O)o2)CC2(O)C(C)(CCC4(O)C(C)(C)C(OC(C)=O)CCC24C)O3)cc1,0,1,1
1984,COc1c(C(O)CC(C)C)ccc2c1C(=O)OCc1cc(C)cc(O)c1O2,0,1,6
1985,COc1c(C(CC(C)C)OC(C)=O)ccc2c1C(=O)OCc1cc(C)cc(O)c1O2,0,1,6
1986,COc1c(C(CC(C)C)OC(C)=O)ccc2c1C(=O)OC(c1cc(C)cc(O)c1C(=O)c1c(O)ccc(CC=C(C)C)c1O)C(O)c1cc(C)cc(O)c1O2,0,1,4
1987,COc1c(C(O)CC(C)C)ccc(O)c1C(=O)c1c(O)cc(C)cc1C1OC(=O)c2c(ccc(C(CC(C)C)OC(C)=O)c2OC)Oc2c(O)cc(C)cc2C1O,0,1,4
1994,O=c1c2c(O)cc(O)cc2oc2c(O)ccc(O)c12,0,1,6
2013,CC=Cc1cc(=O)c2c(C)cc(OC)c(C3OC(CO)C(O)C(O)C3O)c2o1,0,1,4
2016,Oc1cc(O)cc(Oc2c(O)cc(O)c3c2Oc2c(O)cc(Oc4c(O)cc(Oc5c(O)cc(O)c6c5Oc5c(O)cc(O)cc5O6)cc4O)cc2O3)c1,0,1,6
2018,Oc1cc(O)cc(Oc2c(O)cc(O)c3c2Oc2c(O)cc(Oc4c(O)cc(O)cc4O)cc2O3)c1,0,1,6
2029,CCCCCCCCCCCC1=C(O)C(=O)C=C(OC)C1=O,0,1,5
2030,CCC(C)C(OC(C)=O)C(C)C1=CC(=O)C2=C(OC3(C)CCC4OC(C(C)(C)O)CCC4(C)C3C2O)C1=O,0,1,3
2045,COC1=C(O)c2c(O)cc(C)c3c(O)cc(O)c(c23)C1=O,0,1,6
2049,C=C(C)C(CC=C(C)C)CC12CC(CC=C(C)C)C(C)(C)C(CC=C(C)C)(C(=O)C(C(=O)c3ccc(O)c(O)c3)=C1O)C2=O,0,1,4
2066,CC(C)CC(=O)c1c(O)cc(O)cc1OC1OC(CO)C(O)C(O)C1O,0,1,4
2067,CCCCC(=O)c1c(O)cc(O)cc1OC1OC(CO)C(O)C(O)C1O,0,1,4
2085,CC1CCCCC2C(=O)C=CC(O)C2CC(=O)O1,0,1,3
2094,CCCCCCCCCC1=COC2(CC(C(=O)O)C(CC(=O)O)(C(=O)O)O2)C1=O,0,1,3
2105,Cc1cc(O)c2c(c1-c1ccc3c(c1O)C(=O)CC(C)(C1OC(=O)CC1C)O3)OC(C)(C1OC(=O)CC1O)CC2=O,0,1,1
2106,Cc1cc2c(c(O)c1-c1ccc3c(c1O)C(=O)CC(C)(C1OC(=O)CC1C)O3)C(=O)CC(C)(C1OC(=O)CC1O)O2,0,1,1
2124,CCC(C)C=C(C)C1=Cc2cc3c(c(O)c2C(OC)O1)C(=O)C(=O)C(OC)=C3,0,1,5
2125,CCOC1OC(C(C)=CC(C)CC)=Cc2cc3c(c(O)c21)C(=O)C(=O)C(OC)=C3,0,1,5
2150,CCC(C)C(=O)c1c(O)c(Cc2c(O)c(C)c(O)c(C(=O)C(C)C)c2O)c(O)c2c1OC(C)(C)C=C2,0,1,5
2151,CCC(C)C(=O)c1c(O)c(Cc2c(O)c(C)c(O)c(C(C)=O)c2O)c(O)c2c1OC(C)(C)C=C2,0,1,5
2165,CC(C)=CCCC(C)=CCC12OC1(C)C(=O)c1c(O)cc(O)cc1C2=O,0,1,4
2171,CCC(=O)OCC1(C)C(OC(=O)CC)CCC2(C)C1CC(OC(=O)CC)C1(C)Oc3cc(-c4cccnc4)oc(=O)c3C(O)C21,0,1,4
2172,CCC(=O)OC1CCC2(C)C(CC(OC(=O)CC)C3(C)Oc4cc(-c5cccnc5)oc(=O)c4C(O)C23)C1(C)COC(C)=O,0,1,4
2173,CCC(=O)OCC1(C)C(OC(=O)CC)CCC2(C)C1CC(OC(C)=O)C1(C)Oc3cc(-c4cccnc4)oc(=O)c3C(O)C21,0,1,4
2174,CCC(=O)OCC1(C)C(OC(C)=O)CCC2(C)C1CC(OC(=O)CC)C1(C)Oc3cc(-c4cccnc4)oc(=O)c3C(O)C21,0,1,4
2192,CC1CC=CC(=O)C(O)C(O)CC=Cc2cc(O)cc(O)c2C(=O)O1,0,1,1
2198,CCCC=C1OC(=O)c2ccccc21,0,1,5
2203,CCC(C)C(=O)c1c(O)cc(O)cc1OC1OC(CO)C(O)C(O)C1O,0,1,4
2208,Cc1cc2oc3cc(O)c(O)c(C(=O)O)c3c(=O)c2cn1,0,1,6
2209,COC1OC(C)Cc2oc3cc(O)c(O)c(C(=O)O)c3c(=O)c21,0,1,1
2210,COC1OC(C)=Cc2oc3cc(O)c(O)c(C(=O)O)c3c(=O)c21,0,1,4
2219,C=C1C2(C)CC3C(C)=C4CC(=O)OC(C)(C)C4=CCC3(C)C1(C(=O)OC)C(=O)C(C)(O)C2=O,0,1,4
2220,C=C1C2(C)CC3C4(C)C(=CCC3(C)C1(C(=O)OC)C(=O)C(C)(O)C2=O)C(C)(C)C(=O)CC4O,0,1,4
2221,C=C1C2(C)CC3C4(C)CCC(O)C(C)(C)C4CCC3(C)C1(C(=O)OC)C(=O)C(C)(O)C2=O,0,1,3
2222,C=C1C2(C)CC3C4(C)CCC(=O)OC(C)(C)C4=CCC3(C)C1(C(=O)OC)C(=O)C(C)(O)C2=O,0,1,4
2223,C=C1C2(C)CC3C4(C)CCC(=O)OC(C)(C)C4CCC3(C)C1(C(=O)OC)C(=O)C(C)(O)C2=O,0,1,4
2224,C=C(C)C1=CCC2(C)C(CC3(C)C(=C)C2(C(=O)OC)C(=O)C(C)(O)C3=O)C1(C)CCC(=O)O,0,1,3
2257,CC1C=C2C=CC(C)C(CCC3CC(O)CC(=O)O3)C2C(O)C1,0,1,7
2263,CCC(C)C(=O)OC1CC(C)C=C2C=CC(C)C(CCC(O)CC(O)CC(=O)O)C21,0,1,3
2314,CC=C(C)C(O)C(C)C=C(C)C=CCC(C)=CCc1nc(OC)c(OC)c(O)c1C,0,1,5
2323,COC(=O)c1c2c(c3ccccc3c1O)OC(C)(C)C=C2,0,1,4
2326,COC(=O)C12C(O)=C(C)C(=O)C1(C)C(C)=CC1C3(C=O)CCC(OC(C)=O)C(C)(C)C3CCC12C,0,1,4
2327,COC(=O)C12C(O)=C(C)C(=O)C1(C)C(C)=CC1C3(CO)CCC(OC(C)=O)C(C)(C)C3CCC12C,0,1,4
2328,COC(=O)C12C(O)=C(C)C(=O)C1(C)C(C)=CC1C3(C)CCC(OC(C)=O)C(C)(C)C3CCC12C,0,1,4
2329,COC(=O)C12C(O)=C(C)C(=O)C1(C)C(C)=CC1C3(C)CCC(=O)C(C)(C)C3CCC12C,0,1,4
2335,C=C1C(O)C2OC3(CCC(C=CC(C)C4CC(C)=CC5(OC(CC(C)(O)C(=O)O)CCC5O)O4)O3)CCC2OC1C(O)CC(C)C1CCCC2(OCCCC2C)O1,0,1,3
2351,COc1cc(O)c2c(=O)c3c(O)c(O)ccc3oc2c1,0,1,6
2387,O=C1OC(C(O)CO)C(O)=C1O,0,1,5
2396,CCCCCCCCCCCCCCCc1cc(O)cc(O)c1OC(C)=O,0,1,5
2397,CCCCCCC=CCCCCCCCc1cc(O)cc(O)c1OC(C)=O,0,1,5
2398,CCCCCC=CCC=CCCCCCCCc1cc(O)cc(O)c1OC(C)=O,0,1,5
2417,CC=Cc1cc2c(c(=O)o1)-c1c(O)c(O)c(OC)c(C=O)c1CO2,0,1,4
2418,CC=Cc1cc2c(c(=O)o1)-c1c(O)c(O)c(OC)c(C=O)c1C(O)O2,0,1,4
2419,CC=Cc1cc2c(c(=O)o1)-c1c(O)c(O)c(OC)c(C=O)c1C(OC(C)C)O2,0,1,5
2427,Oc1cc(O)cc(Oc2c(O)cc(O)c3c2Oc2c(O)cc(O)cc2O3)c1,0,1,6
2434,Oc1cc(O)c(Oc2cc(O)cc(O)c2Oc2cc(O)cc(O)c2-c2c(O)cc(O)cc2O)c(O)c1,0,1,6
2438,CC(=O)c1c(O)cc2c(c1C)C(=O)CC(O)C2,0,1,6
2464,COC(=O)Cc1c(O)cc(O)cc1OC(=O)c1cc(OC)c(O)c(OC)c1,0,1,6
2488,COC(=O)C1c2c(oc3cc(CO)cc(O)c3c2=O)C=CC1O,0,1,4
2490,CCCC=Cc1cc2c(C=O)c(O)c(CC=C(C)C)cc2o1,0,1,5
2491,CC(C)=CCc1cc2c(c(C=O)c1O)CCC(C=CC(C)O)O2,0,1,3
2492,CC=CCCCCc1c(O)cc(CC=C(C)C)c(O)c1C=O,0,1,5
2538,CCCCCc1c(Oc2cc(OC)cc3c2C(=O)OC3(O)CCCC)c(O)cc(O)c1C(=O)O,0,1,6
2554,CCCCCC(=O)c1c(O)c(Cl)c(OC)c(Cl)c1O,0,1,5
2591,CCCCCc1cccc(O)c1C1=NC(C2SCC(C(O)C(C)(C)C(=O)O)N2C)CS1,0,1,5
2596,CC(=O)OC1OC(C2c3cccc(O)c3C(=O)c3c(O)cc(C)cc32)C(O)C(O)C1O,0,1,1
2597,CC(=O)OC1OC(C2c3cccc(O)c3C(=O)c3c(O)cc(C)cc32)C(O)C(OC(=O)C=C(C)C)C1O,0,1,1
2598,CC(=O)OC1OC(C2(O)c3cccc(O)c3C(=O)c3c(O)cc(C)cc32)C(O)C(OC(=O)C=C(C)C)C1O,0,1,1
2599,CC(C)=CC(=O)OC1C(O)OC(C2c3cccc(O)c3C(=O)c3c(O)cc(C)cc32)C(O)C1O,0,1,1
2600,CC(C)=CC(=O)OC1C(O)C(O)OC(C2c3cccc(O)c3C(=O)c3c(O)cc(C)cc32)C1O,0,1,1
2601,CC(=O)OC1OC(C2(O)C3=CCCC(O)=C3C(=O)c3c(O)cc(C)cc32)C(O)C(O)C1O,0,1,1
2615,CC1CCCC=CC2CCC(O)C(CC(=O)O1)O2,0,1,7
2616,CC1CCCC=CC2C=CC(O)C(CC(=O)O1)O2,0,1,7
2676,CC(=O)OC1C(C)CC(O)=C2C(=O)c3c(ccc(-c4ccc5c(c4O)C(=O)C4=C(O)CC(C)C(OC(C)=O)C4(CO)O5)c3O)OC21CO,1,1,4
2677,CC(=O)OCC12Oc3ccc(-c4ccc5c(c4O)C(=O)C4=C(O)CC(C)C(OC(C)=O)C4(CO)O5)c(O)c3C(=O)C1=C(O)CC(C)C2OC(C)=O,1,1,4
2678,CC(=O)OCC12Oc3ccc(-c4ccc5c(c4O)C(=O)C4=C(O)CC(C)C(OC(C)=O)C4(COC(C)=O)O5)c(O)c3C(=O)C1=C(O)CC(C)C2OC(C)=O,1,1,4
2679,CCCCCCCCCCCCC=CCC(=O)C1=C(O)CC(O)CC1=O,0,1,3
2701,Cc1cccnc1C=CC=CC(O)C(C)O,0,1,5
2708,CCCCCCCCCCCCC=CCCC(O)C(O)CCC(O)C1CCC(CCCCCC(O)CC2=CC(C)OC2=O)O1,0,1,3
2709,CCCCCCCCCCCCC=CCCC(O)C(O)CCC(O)C1CCC(CCCCCCCC2=CC(C)OC2=O)O1,0,1,3
2729,COC1=CC(=O)c2c(O)c(OC)c3c(c2C1=O)-c1c2c(c(O)c(OC)c1C(C(C)=O)C(C)(O)C3)C(=O)C=C(OC)C2=O,0,1,1
2759,CCCCCCCCCCC(O)C1CCC(C2CCC(C(O)CCCCCCCCCCC(O)CC3=CC(C)OC3=O)O2)O1,0,1,3
2769,COc1cc(O)cc2c1C(=O)c1c(cc(C)c(C(=O)OCC(O)CO)c1O)C2=O,0,1,6
2770,COC(=O)c1c(O)cc(C)cc1CC1=CC(=O)C=C(OC)C1=O,0,1,6
2787,CC1OC(OC2CCC(OC3(C)CC(=O)c4c(ccc5c4C(=O)c4ccc(C6CC7OC8CC(=O)C(C)OC8OC7C(C)O6)c(O)c4C5=O)C3)OC2C)C=CC1=O,0,1,9
2788,CC1OC2OC3C(C)OC(c4ccc5c(c4O)C(=O)c4ccc6c(c4C5=O)C(=O)CC(C)(O)C6)CC3OC2CC1=O,0,1,9
2805,CCC1=CC(C=Cc2ccccc2)(CC)C(CC)(C(=O)O)C2C(CC)C(=O)C(C)C12,0,1,3
2808,COc1c(SC)c(CCN(C)C)c2ssc3c(CCN(C)C)c(SC)c(OC)c(OC)c3sc3c(OC)c(OC)c(SC)c(CCN(C)C)c3sc2c1OC,0,1,4
2809,COc1c(SC)c(CCN(C)C)c2sc3c(OC)c(OC)c(SC)c(CCN(C)C)c3ssc2c1OC,0,1,4
2810,COc1c(OC)c2c(c(CCN(C)C)c1SC)Sc1c(OC)c(OC)c(SC)c(CCN(C)C)c1S2,0,1,4
2822,CCCCCCCCCCCCCCCC(O)=C1C(=O)C(C)N(C)C1=O,0,1,5
2823,CC(C)CCCCCCCCCCCC(O)=C1C(=O)C(C)N(C)C1=O,0,1,3
2824,CCC(C)CCCCCCCCCCC(O)=C1C(=O)C(C)N(C)C1=O,0,1,3
2825,CCCCCCCCCC(C)CCCC(O)=C1C(=O)C(C)N(C)C1=O,0,1,3
2854,CC(C)(O)CCc1ccc(O)c2c(=O)c3c(O)c4c(cc3oc12)OC1OC=CC41O,0,1,6
2855,COc1c(O)c(C)c(CC=C(C)CCCCCCc2ccccc2)oc1=O,0,1,6
2856,COc1c(O)c(C)c(CC=C(C)CCCCCCCCc2ccccc2)oc1=O,0,1,6
2857,COc1c(C)c(CCCCCCCCCCSC(C)=O)oc(=O)c1OC,0,1,5
2858,COc1c(C)c(CCCCCCCCCCSC)oc(=O)c1OC,0,1,5
2862,COC(=O)C1(O)c2c(oc3cccc(O)c3c2=O)C=CC1O,0,1,1
2863,Cc1c2c(c(O)c3c1C(=O)CC(C)(C)O3)OC(=O)c1c(C)c(Cl)c(O)c(C=O)c1O2,0,1,6
2864,CC(C)=CCc1c(O)cc2c(c1C)OC(=O)c1c(C)cc(O)c(C=O)c1O2,0,1,6
2865,CC(C)=CCc1c(O)cc2c(c1C)OC(=O)c1c(C)c(Cl)c(O)c(C=O)c1O2,0,1,6
2866,COc1cc2c(c(C)c1C(=O)C=C(C)C)OC(=O)c1c(C)cc(O)c(C=O)c1O2,0,1,6
2867,Cc1c2c(cc3c1C(=O)CC(C)(C)O3)Oc1c(C=O)c(O)c(Cl)c(C)c1C(=O)O2,0,1,6
2868,Cc1cc(O)c(C=O)c2c1C(=O)Oc1c(O)c3c(c(C)c1O2)C(=O)CC(C)(C)O3,0,1,6
2869,Cc1cc(O)c(C=O)c2c1C(=O)Oc1c(cc3c(c1C)C(=O)CC(C)(C)O3)O2,0,1,6
2870,COc1c(O)c2c(c(C)c1C(=O)C=C(C)C)Oc1c(C=O)c(O)cc(C)c1C(=O)O2,0,1,6
2871,COc1c(O)c2c(c(C)c1C(=O)C=C(C)C)Oc1c(C=O)c(O)c(Cl)c(C)c1C(=O)O2,0,1,6
2875,CCC(C)CC(C)C=C(C)C=CC(=O)C1C(=O)OC2(C)C(=O)C=C3C=C(C4C(=O)CC(O)CC4C)OC=C3C12,0,1,3
2876,CCC(C)CC(C)C=C(C)C=CC(=O)CC1C2=COC(C3C(=O)CC(O)CC3C)=CC2=CC(=O)C1(C)O,0,1,3
2877,CCC(C)CC(C)C=C(C)C=CC(=O)C1C(=O)OC2(C)C(=O)C=C3C=C(C4C(=O)C=CCC4C)OC=C3C12,0,1,3
2878,CCC(C)CC(C)C=C(C)C=CC(=O)C1=C2C3=COC(C4C(=O)CC(O)CC4C)=CC3=CC(=O)C2(C)OC1=O,0,1,3
2883,CCC1(O)Cc2c(O)c3c(c(O)c2C(OC2CC(N)C(O)C(C)O2)C1)C(=O)c1c(O)cccc1C3=O,0,1,9
2889,O=C1C=CC(=O)c2c(O)cccc21,1,1,6
2892,CCCC1=CC2=C(CO1)C(=O)C(C)(O)C(OC(=O)c1c(C)cc(O)c(O)c1OC)C2,1,1,4
2898,CCC1OC(=O)C(C)C(OC2CC(C)(OC)C(O)C(C)O2)C(C)C(OC2OC(C)CC(N(C)C)C2O)C(C)(O)CC(C)C(=O)C(C)C(O)C1(C)O,1,1,2
2902,CCC1C=C(C)CC(C)CC(OC)C2OC(O)(C(=O)C(=O)N3CCCCC3C(=O)OC(C(C)=CC3CCC(Cl)C(OC)C3)C(C)C(O)CC1=O)C(C)CC2OC,1,1,7
2919,C=CCC1C=C(C)CC(C)CC(OC)C2OC(O)(C(=O)C(=O)N3CCCCC3C(=O)OC(C(C)=CC3CCC(O)C(OC)C3)C(C)C(O)CC1=O)C(C)CC2OC,1,1,7
2922,CCC1OC(=O)C(C)C(OC2CC(C)(OC)C(O)C(C)O2)C(C)C(OC2OC(C)CC(N(C)C)C2O)C(C)(O)CC(C)C2NC(COCCOC)OC(C2C)C1(C)O,1,1,2
2924,CCC1OC(=O)C(C)C(=O)C(C)C(OC2OC(C)CC(N(C)C)C2O)C(C)(OC)CC(C)C(=O)C(C)C2N(CCCCn3cnc(-c4cccnc4)c3)C(=O)OC12C,1,1,8
2947,CC1=CCC(C(C)=Cc2csc(C)n2)OC(=O)CC(O)C(C)(C)C(=O)C(C)C(O)C(C)CCC1,1,1,7
2951,CC(=Cc1csc(C)n1)C1CC2OC2(C)CCCC(C)C(O)C(C)C(=O)C(C)(C)C(O)CC(=O)O1,1,1,7
2955,CCC1OC(=O)C(C)C(O)C(C)C(O)C(C)CC(C)C(=O)C(C)C(O)C1C,1,1,7
2971,COC1CC2CCC(C)C(O)(O2)C(=O)C(=O)N2CCCCC2C(=O)OC(C(C)CC2CCC(OP(C)(C)=O)C(OC)C2)CC(=O)C(C)C=C(C)C(O)C(OC)C(=O)C(C)CC(C)C=CC=CC=C1C,1,1,0
2973,COC1CC2CCC(C)C(O)(O2)C(=O)C(=O)N2CCCCC2C(=O)OC(C(C)CC2CCC(OC(=O)C(C)(CO)CO)C(OC)C2)CC(=O)C(C)C=C(C)C(O)C(OC)C(=O)C(C)CC(C)C=CC=CC=C1C,1,1,0
2976,CCC1OC(=O)C(C)C(OC2CC(C)(OC)C(O)C(C)O2)C(C)C(OC2OC(C)CC(N(C)C(C)C)C2O)C2(C)CC(C)=C(O2)C(C)C(=O)C1(C)OC,1,1,8
2984,CC1CCCC=CC2CC(O)CC2C(O)C=CC(=O)O1,1,1,7
2993,CC(C)C1OC(=O)C(C(C)C)N(C)C(=O)C(C(C)C)OC(=O)C(C(C)C)N(C)C(=O)C(C(C)C)OC(=O)C(C(C)C)N(C)C1=O,1,1,5
2999,CCC1OC(=O)C(C)(F)C(=O)C(C)C(OC2OC(C)CC(N(C)C)C2O)C(C)(OC)CC(C)C(=O)C(C)C2N(CCCCn3cc(-c4cccc(N)c4)nn3)C(=O)OC12C,1,1,8
3000,COC1C(O)CC(=O)OC(C)CC=CC=CC(O)C(C)CC(CC=O)C1OC1OC(C)C(OC2CC(C)(O)C(OC(=O)CC(C)C)C(C)O2)C(N(C)C)C1O,1,1,2
3007,COC1C(OC(C)=O)CC(=O)OC(C)CC2OC2C=CC(=O)C(C)CC(CC=O)C1OC1OC(C)C(OC2CC(C)(O)C(OC(=O)CC(C)C)C(C)O2)C(N(C)C)C1O,1,1,2
3008,COC1CC(OC2C(C)OC(OC3C(C)=CCC4CC(CC5(C=CC(C)C(C6CCCCC6)O5)O4)OC(=O)C4C=C(C)C(O)C5OCC(=CC=CC3C)C45O)CC2OC)OC(C)C1O,1,1,8
3009,CC=CC=CC1OC(O)(C(CC)C(O)=NCC=CC=C(C)C(OC)C(C)C2OC(C=CC=CC=C(C)C(O)=C3C(=O)C=CN(C)C3=O)C(O)C2O)C(O)C(OC2OC(C)C(OC3OC(C)C(OC)C(O)C3OC)C(OC)C2O)C1(C)C,1,1,0
3012,CCCN1CC(C)C(O)C(C)(O)C(CC)OC(=O)C(C)C(OC2CC(C)(OC)C(O)C(C)O2)C(C)C(OC2OC(C)CC(N(C)C)C2O)C(C)(O)CC1C,1,1,2
3013,CCC(C(=O)C(C)C(O)C(C)CCc1ccc(C)c(O)c1C(=O)O)C1OC(CC)(C2CCC(O)(CC)C(C)O2)CC1C,1,1,3
3015,CCC(C(=O)O)C1OC(C(C)C(O)C(C)C(=O)C(CC)C2OC3(C=CC(O)C4(CCC(C)(C5CCC(O)(CC)C(C)O5)O4)O3)C(C)CC2C)C(C)CC1C,1,1,0
3016,COC1CC(OC2C(C)C(=O)OC(C)C(C)C(O)C(C)C(=O)C3(CO3)CC(C)C(OC3OC(C)CC(N(C)C)C3O)C2C)OC(C)C1O,1,1,8
3019,COC1CC(OC2C(C)=CCC3CC(CC4(CCC(C)C(C5CCCCC5)O4)O3)OC(=O)C3C=C(C)C(=NO)C4OCC(=CC=CC2C)C34O)OC(C)C1O,1,1,8
3021,CCC1OC(=O)CC(O)C(C)C(OC2OC(C)C(O)C(N(C)C)C2O)C(CCN2CCCCC2)CC(C)C(=O)C=CC(C)=CC1CN1CCCCC1,1,1,8
3022,CCC1OC(=O)CC(O)C(C)C(OC2OC(C)C(O)C(N(C)C)C2O)C(CCN2CC(C)CC(C)C2)CC(C)C(=O)C=CC(C)=CC1COC1OC(C)C(O)C(OC)C1OC,1,1,8
3024,CCC1OC(=O)CC(O)C(C)C(OC2OC(C)C(OC3CC(C)(O)C(O)C(C)O3)C(N(C)C)C2O)C(CC=O)CC(C)C(=O)C=CC(C)=CC1COC1OC(C)C(O)C(OC)C1OC,1,1,2
3033,CCC(C(=O)O)C1CCC(C)C(C(C)C(O)C(C)C(=O)C(CC)C2OC3(C=CC(O)C4(CCC(C)(C5CCC(O)(CC)C(C)O5)O4)O3)C(C)CC2C)O1,1,1,0
3034,CCC1OC(=O)CC(OC(C)=O)C(C)C(OC2OC(C)C(OC3CC(C)(O)C(OC(=O)CC(C)C)C(C)O3)C(N(C)C)C2O)C(CC=O)CC(C)C(=O)C=CC(C)=CC1COC1OC(C)C(O)C(OC)C1OC,1,1,2
3056,C=CCC1C(=O)C(C)(C)C(O)CC(=O)OC(c2ccc3sc(C)nc3c2)CC2OC2(C)CCCC(C)C1O,1,1,7
3066,COC1CC(OC2C(C)C(=O)OC(C)C(C)C(OC(C)=O)C(C)C(=O)C3(CO3)CC(C)C(OC3OC(C)CC(N(C)C)C3OC(C)=O)C2C)OC(C)C1OC(C)=O,1,1,8
3076,CCCC(=O)OC1C(C)OC(OC2C(C)OC(OC3C(CC=O)CC(C)C(O)C=CC=CCC(C)OC(=O)CC(O)C3OC)C(O)C2N(C)C)CC1(C)OC(=O)CC,1,1,2
3078,CCC(=O)OC1CC(=O)OC(C)CC=CC=CC(O)C(C)CC(CC=O)C(OC2OC(C)C(OC3CC(C)(O)C(OC(=O)CC)C(C)O3)C(N(C)C)C2O)C1OC,1,1,2
3116,CCOCCOC1CCC(CC(C)C2CC(=O)C(C)C=C(C)C(O)C(OC)C(=O)C(C)CC(C)C=CC=CC=C(C)C(OC)CC3CCC(C)C(O)(O3)C(=O)C(=O)N3CCCCC3C(=O)O2)CC1OC,1,1,0
3207,CC1(C)CCC2=C(O1)c1ccccc1C(=O)C2=O,0,1,4
3222,CCCCCC(O)C1C(=O)OC(C)C(O)C=CC=CC=CC=CC=C(C)C(O)CC(O)CC(O)CC(O)CC(O)CC(O)CC1O,1,1,3
3252,COc1c(O)c2c(=O)cc(OC)c3c4c(OC)cc(=O)c5c(O)c(OC)c6c(c(c1CC(C)(O)C6C(C)=O)c23)c54,0,1,1
3291,CCCCCCC1C(=O)OC(C)C(O)C=CC=CC=CC=CC=C(C)C(O)CC(O)CC(O)CC(O)CC(O)CC(O)CC1O,1,1,3
3381,Cc1cc(=O)c2c(O)c3c(O)cc(O)c4c5c(O)cc(O)c6c(O)c7c(=O)cc(C)c8c1c2c(c34)c(c65)c78,0,1,6
3384,CC(C)=CCC1=C(O)c2ccccc2C(=O)C1=O,0,1,6
3410,CC=CCCCCCCC(CC1CCCCCCCCCCCC(OS(=O)(=O)O)CC(OS(=O)(=O)O)CCCCCCCCCCCC=CC(=O)O1)OS(=O)(=O)O,1,1,3
3420,CCCCC1CC=CC=CC=CC=CC(OC2OC(C)C(O)C(N)C2O)CC2OC(O)(CC(O)CC3OC3C=CC(=O)O1)CC(O)C2C(=O)O,1,1,0
3433,CCC1OC(=O)C(C)C(OC2CC(C)(O)C(O)C(C)O2)C(C)C(OC2OC(C)CC(N(C)C)C2O)C(C)(O)CC(C)C(=O)C(C)C(O)C1(C)O,1,1,2
3441,CCC1C=C(C)C(O)CC=CC=C(COC2OC(C)C(OC(=O)c3c(C)c(Cl)c(O)c(Cl)c3O)C(O)C2OC)C(=O)OC(C(C)O)CC=C(C)C=C(C)C1OC1OC(C)(C)C(OC(=O)C(C)C)C(O)C1O,1,1,0
3464,Cc1cc(O)cc2c1C(=O)C1=C(C2=O)C(C)(C)c2cc(O)cc(O)c2C1=O,1,1,6
3471,COC1CC=CC=CCC(C)C(O)CC(O)C(C)C(O)CC(=O)OC(C(C)C(C)C=C(C)CCC=CC=CCC(O)CC(C)CCC(=O)O)CC(O)CCC1,1,1,0
3475,COC1=C(C(=O)O)C(C)C23OC24c2cc(O)c5c(c2NC3C#CC=CC#CC14)C(=O)c1c(O)ccc(O)c1C5=O,1,1,1
3504,CNc1ccc2oc(CC3OC4(CCC3C)OC(C(C)C(=O)c3ccc[nH]3)C(C)CC4C)nc2c1C(=O)O,1,1,3
3511,CCC1(O)CC(OC2CC(N(C)C)C(OC3CC(O)C(OC4CC(O)C(O)C(C)O4)C(C)O3)C(C)O2)c2c(cc3c(c2O)C(=O)c2c(O)ccc(O)c2C3=O)C1C(=O)OC,1,1,9
3539,CCC(=O)OC1CC(=O)OC(C)CC=CC=CC(OC(C)=O)C(C)CC(CC=O)C(OC2OC(C)C(OC3CC(C)(OC(C)=O)C(OC(=O)CC)C(C)O3)C(N(C)C)C2O)C1OC,1,1,2
3551,CC1C=CC=CCCC=CC=CC=CC=CC(OC2OC(C)C(O)C(N)C2O)CC2OC(O)(CC(O)C(O)CCC(O)CC(O)CC(O)CC(=O)OC(C)C(C)C1OC1CC(O)C(O)C(C)O1)CC(O)C2C(=O)O,1,1,0
3552,COC1C=COC2(C)Oc3c(C)c(O)c4c(O)c(c5c(c4c3C2=O)NC2(CCN(CC(C)C)CC2)N=5)=NC(=O)C(C)=CC=CC(C)C(O)C(C)C(O)C(C)C(OC(C)=O)C1C,1,1,7
3566,CC(=CC(=O)O)C=C(C)CC(C)CCCCC1OC(=O)C1CO,1,1,3
3572,COC(=O)c1c(OC)cc2cc3c(c(O)c2c1C)C(=O)C1(O)C(=O)C=C(OC)C(O)C1(O)C3=O,1,1,1
3606,CCC=CCC=CCC=CCCCCCCCc1cccc(O)c1C(=O)O,1,1,5
3632,CNc1ccc(C(=O)CC(O)CCC(C)C2OC(=O)CC(O)CC(=O)CC(O)CC(O)CC(O)CC(O)CC3(O)CC(O)C(C(=O)OC)C(CC(OC4OC(C)C(O)C(N)C4O)C=CC=CC=CC=CC=CC=CC=CC2C)O3)cc1,1,1,0
3641,COC1CC(OC2CC(C3OC(C)(O)C(C)CC3C)OC2C2(C)CCC(C3(C)CCC4(CC(O)C(C)C(C(C)C5OC(O)(CC(=O)O)C(C)C(OC)C5OC)O4)O3)O2)OC(C)C1OC,1,1,0
3676,CC1CC(=O)c2c(ccc(O)c2C2OCc3c(O)cccc32)C1,1,1,1
3708,COC1C(O)CC(=O)OC(C)CC=CC=CC(O)C(C)CC(CC=O)C1OC1OC(C)C(OC2CC(C)(O)C(O)C(C)O2)C(N(C)C)C1O,1,1,2
3709,CC1=C2C(=COC(C)C2C)C(=O)C(C(=O)O)=C1O,1,1,4
3751,CCOC(=O)CCC(=O)OC1C(OC2C(C)C(OC3CC(C)(OC)C(O)C(C)O3)C(C)C(=O)OC(CC)C(C)(O)C(O)C(C)C(=O)C(C)CC2(C)O)OC(C)CC1N(C)C,1,1,2
3765,Cc1cc2c(c3oc(C(O)(CO)C4CO4)cc(=O)c13)C(=O)c1c(O)cccc1C2=O,1,1,6
3780,COC(=O)C1C(O)CC2(O)CC(O)CC(O)CC(O)CC(O)CC(=O)CC(O)CC(=O)OC(C(C)CCC(O)CC(=O)c3ccc(N)cc3)C(C)C=CC=CC=CC=CC=CC=CC=CC(OC3OC(C)C(O)C(N)C3O)CC1O2,1,1,0
3781,[H]C([H])([H])N1CC(C)CC(C)(O)C(OC2OC(C)CC(N(C)C)C2O)C(C)C(OC2CC(C)(OC)C(O)C(C)O2)C(C)C(=O)OC(CC)C(C)(O)C(O)C1C,1,1,2
3782,CCC1C=C(C)C(O)CC=CC=C(COC2OC(C)C(OC(=O)c3c(C)c(Cl)c(O)c(Cl)c3O)C(O)C2OC)C(=O)OC(C(C)O)CC=C(C)C=C(C)C1OC1OC(C)(C)C(O)C(O)C1OC(=O)C(C)C,1,1,0
3801,CCc1c(Cl)c(O)c(Cl)c(O)c1C(=O)OC1C(C)OC(OCC2=CC=CCC(O)C(C)=CC(CC)C(OC3OC(C)(C)C(O)C(O)C3OC(=O)C(C)C)C(C)=CC(C)=CCC(C(C)O)OC2=O)C(OC)C1O,1,1,0
3802,CCC1OC(=O)C(C)C(OC2CC(C)(OC)C(O)C(C)O2)C(C)C(OC2OC(C)CC(N(C)C)C2O)C(C)(O)CC(C)C(=O)C(C)C(O)C1C,1,1,2
3874,CC1OC(CC(=O)O)Cc2c1c(O)c1c(O)c(-c3cc(=O)c4c(=O)c5c(c(=O)c=4c3=O)C(C)OC(CC(=O)O)C5)cc(O)c1c2O,1,1,4
3944,C=C(CCC12CC(OC(=O)C=CC(C)CC(C)CC)C(C(=O)O)(O1)C(O)(C(=O)O)C(C(=O)O)O2)C(OC(C)=O)C(C)Cc1ccccc1,0,1,3
3946,C=C(CCC12OC(C(=O)O)C(O)(C(=O)O)C(C(=O)O)(O1)C(OC(=O)C=CC(C)CC(C)CC)C2O)C(OC(C)=O)C(C)Cc1ccccc1,0,1,3
3948,CC(=O)c1c(O)c(C)c(O)c2c1OC1=CC(=O)C(C(C)=O)C(=O)C12C,0,1,6
3954,COC(C(C)=CC=CC(C)=Cc1coc(C)n1)C(C)C1CC(O)C2(C)OC2C=CC(C)C2CC(CC(=O)O2)CC2OC2C(=O)O1,0,1,7
3963,O=C1C=C(O)c2ccccc2C1=O,0,1,6
3968,CC1C=CC=CC=CC=CC=CC=CC=CC(OC2OC(C)C(O)C(N)C2O)CC2OC(O)(CC(O)C(O)CCC(=O)CC(O)CC(O)CC(=O)OC(C)C(C)C1O)CC(O)C2C(=O)O,0,1,0
4007,CCC1OC(=O)CC(O)C(C)C(OC2OC(C)CC(N(C)C)C2O)C(CC=O)CC(C)C(=O)C=CC2(C)OC2C1C,1,1,8
4065,CC(=O)OC1C=CC(=O)OC1C1OC1C,1,1,3
4090,COc1cc(O)c2c(c1)C(=O)c1cc3c(c(O)c1C2=O)C(OC1OC(C)C(O)C(O)C1OC)C(OC)C(C)(O)C3=O,1,1,9
4091,CCC1OC(=O)CC(O)C(C)C(OC2OC(C)CC(N(C)C)C2O)C(CC=O)CC(C)C(=O)C=CC(C)=CC1C,1,1,8
4103,CCC1OC(=O)C(C)C(OC2CC(C)(OC)C(O)C(C)O2)C(C)C(OC2OC(C)CC(N(C)C)C2O)C(C)(O)CC(C)C(=NOC)C(C)C(O)C1(C)O,1,1,2
4127,CCC1OC(=O)C(C)C(OC2CC(C)(OC)C(O)C(C)O2)C(C)C(OC2OC(C)CC(N(C)C)C2OC(C)=O)C(C)(O)CC(C)C(=O)C(C)C(O)C1(C)O,1,1,2
4133,CC(=O)C1=C(O)C(N)C2Cc3c(c(O)c4c(O)c(C)ccc4c3C)C(=O)C2(O)C1=O,1,1,4
4147,CCC(=O)OC1C(OC2C(C)C(OC3CC(C)(OC)C(O)C(C)O3)C(C)C(=O)OC(CC)C(C)(O)C(O)C(C)C(=O)C(C)CC2(C)O)OC(C)CC1N(C)C,1,1,2
4191,CCC1OC(C(C)=CC(C)C=CC2C(C)C2C=CC2OC(CC(=O)O)CC(O)C2O)CC=C1C,0,1,3
4215,CCCC=CCC1CC=CC=C(C)C=CC=CC(O)C(O)C=C(C)C=CC=CC(=O)N1,0,1,3
4222,CCCCCc1cc2ccc3c(O)c4c(cc3c2c(O)c1C(=O)O)C(C)(C)c1cc(O)cc(O)c1C4=O,1,1,6
4228,CC1=CC(C)C(O)C(C)CC(C)=CC=CCC(C(C)C(O)C(C)C2(O)CC(OC(=O)C=CC(=O)O)C(C)C(C(C)C)O2)OC(=O)C(C)=C1,1,1,0
4229,C=CC(=CC(=O)CC(C)CC(C)CCC(O)C(C)C(=O)CC(O)C(C)C(C)OC(=O)CC(O)C1=C(C)C(=O)OC1=O)CC,0,1,3
4240,Cc1c2c(c(O)c3c(=O)c4cccc(O)c4oc13)-c1c(cc3c(c1O)C(=O)N1C(C(=O)O)COC1(C)C3)CC2,1,1,6
4242,CCCCCCCC=C(C)C(O)=C1C=C(C(=O)CC)OC1=O,1,1,5
4247,CC(C)CCCCc1c(O)cc(CC(C)C)oc1=O,0,1,5
4252,CC=C(C)C1CC=C(C)C(OC2OC(CO)C(O)C2O)C(OC(=O)CC(C)C)C(=O)CC(O)C(C)C(=O)O1,1,1,0
4257,COC(C(=O)C(O)C(C)O)C1Cc2cc3cc(OC4CC(OC(C)=O)C(OC5CC(O)C(OC)C(C)O5)C(C)O4)c(C)c(O)c3c(O)c2C(=O)C1OC1CC(OC2CC(OC3CC(C)(O)C(OC(C)=O)C(C)O3)C(O)C(C)O2)C(O)C(C)O1,1,1,8
4258,CCCC=CC=CCC1CC=CC=C(C)C=CC=CC(O)C(O)C=C(C)C=CC=CC(=O)N1,1,1,3
4263,CC1OC(CC(=O)O)Cc2c(O)c3c(c(O)c21)C(=O)C(C1=CC(=O)c2c(O)c4c(c(O)c2C1=O)C(C)OC(CC(=O)O)C4)=CC3=O,1,1,4
4267,Cc1c(O)c(=O)c2c(cc(O)c3c(=O)c4c(O)cccc4c(=O)c32)c1=O,0,1,6
4268,CCCCCc1cccc(O)c1C1=NC(C2SCC(C(O)C(C)(C)C3=NC(C)(C(=O)O)CS3)N2C)CS1,1,1,5
4272,CC1=CC(C)CCC2OC(C3=C(O)C(=O)C(C)=C4OC(O)(C=C43)C(C)CC(C)C1)C(C)C(O)C2C,1,1,1
4281,CC(=CCC(C)C)C(O)C(C)C=CC=CC(O)CC1=C(C)C(=O)C(C)(O)O1,0,1,3
4304,COC1=CC(=O)c2c(cc3c(c2O)C(=O)C2(OC4CCC(OC5CCC(O)C(C)O5)C(C)O4)C(=O)C(C(C)=O)=C(O)C(OC4CCC(OC5CCC(OC6CCC(OC7CCC(OC(=O)C(C)(C)C(=O)O)C(C)O7)C(C)O6)C(C)O5)C(C)O4)C2C3)C1=O,1,1,1
4306,COC1CCC(OCC2(COC(=O)c3ccc(C)[nH]3)C(OC(C)=O)CC(O)C3(C)C4CC=C(C)C(C5=C(O)C(=O)OC5O)C4(C)CCC23)OC1C,1,1,1
4319,CC1(O)CC(O)Cc2cc3c(c(O)c21)C(=O)c1c(O)cc(O)cc1C3(C)C,1,1,1
4324,CC1OC(OC2CCC(OC3C(O)CC(OC4C(O)CC(c5ccc6c(=O)c7c(oc6c5O)C=CC5(O)CC(C)(OC6CCC(OC8CC(OC9CCC(OC%10CC(OC%11CCC(O)C(C)O%11)C(O)C(C)O%10)C(C)O9)C(O)C(C)O8)C(C)O6)CC(=O)C75O)OC4C)OC3C)OC2C)C=CC1=O,1,1,8
4328,CC(C=CC=CC=CC=CC(=O)C1=C(O)C(CCC(=O)O)N(C)C1=O)=CC(C)C(OC1CC(O)C(O)C(C)O1)C(C)C,1,1,7
4332,COC1C(C)OC(Oc2cccc3c(=O)c4c(O)c5c(c(O)c4oc23)CCc2cc3c(c(O)c2-5)C(=O)N2C(C(=O)O)COC2(C)C3)C(OC)C1OC,1,1,1
4335,CCCCCCCC1=CC(=O)C(O)(CCCCCC)O1,1,1,5
4340,CC1CC(C)C(=O)C2=C3OC4C(C)CC3(OC2=O)C(C=CC1=O)C4O,1,1,7
4350,CCC(C)C(O)C=CC(C)=CC=CC(C)CC(C)C1CC(O)C(C)C=CC=CC(C)CC=C(C)C(O)C=CCC(O)C(C)C=CC(=O)O1,1,1,0
4356,CCC1C=CC(C(O)C=C(C)C)OC(=O)C(C)=CC2C(=O)NC3=CC(=O)c4c(cc(C)c(O)c4C(C=O)C1)C32O,1,1,3
4376,Cc1cc(O)c2c3c(c(O)cc2c1)C(=O)c1c(O)cccc1C3=O,1,1,6
4379,Cc1cc(O)cc2oc3cc(O)cc(O)c3c(=O)c12,0,1,6
4382,CC1=CCC(=C(C)C)CC2(O)C(=O)c3cc(cc(O)c3C(=O)C2(C)Cl)OC(C)(C)C(Cl)CC1,1,1,4
4386,CC1CCC=CC=CCCC(O)CC(=O)CC2CCC(C)C(O)(O2)C(O)C(=O)OC(C)CCC=CC=CCCC(O)CC(=O)CC2CCC(C)C(O)(O2)C(O)C(=O)O1,1,1,7
4388,COC1C(OC2c3c(cc4c(c3O)C(=O)c3c(O)cccc3C4=O)C(=O)C(C)(O)C2OC)OC(C)C(O)C1O,1,1,9
4397,CNC1C(OC2C3=CC#CC4OC4(C4COC(=O)O4)C#CC3=CC2OC(=O)c2c(O)ccc3c(C)cc(OC)cc23)OC(C)C(O)C1O,1,1,1
4399,CCCC(C)C(=O)OC1c2c(cc(O)c3c2C(=O)c2cccc(O)c2-3)C(=O)C2(C)OC12,1,1,6
4402,COc1cccc2c1C(OC)C13OC1(C2=O)C(O)C(C)C(O)(C(=O)C1OC1C)C3O,0,1,1
4406,CCCCCCCCCCCCc1c(O)cc(CC(C)C)oc1=O,0,1,5
4407,CCCCCc1cc2c(c(O)c1C(=O)O)-c1cc3c(c(O)c1CC2)C(=O)c1c(O)cc(O)cc1C3(C)C,1,1,6
4412,CC1CCC=CC=CCCC(O)CC(O)CC2CCC(C)C(O)(O2)C(O)C(=O)OC(C)CCC=CC=CCCC(O)CC(O)CC2CCC(C)C(O)(O2)C(O)C(=O)O1,1,1,7
4415,CCCCCCCCc1c(O)cc(CC(C)C)oc1=O,0,1,5
4418,CC(CCCCCCCCCC=CCC(O)CCCC(O)CCCCCOC1OC(CO)C(O)C(O)C1O)CC(C)C(O)=C1C(=O)C2CC(O)CN2C1=O,1,1,3
4420,CCCCCCCC1OC(=O)CC(O)C(Cc2ccccc2)N(C)C(=O)C(C(C)C)OC(=O)C1C,0,1,3
4424,COC(=O)c1c(OC2OC(OC)C(OC)C(OC)C2C)cc2cc3c(c(O)c2c1C)C(=O)C1(OC)C(=O)C=C(OC)C(O)C1(O)C3=O,0,1,1
4430,COc1cc(O)c2c(O)c3c(cc2c1)CC1(O)CC(=O)C(C(C)=O)=C(O)C1(O)C3=O,0,1,6
4431,COC(c1ccc(O)cc1)C1C(C=CC=CC=CC(O)C(C)C(O)CC=C(C)C=CC(=O)O)C(C)=CC2C1C(C)(C)CC2(C)O,1,1,3
4432,Cc1cc(O)c2c3c4c(cc(O)c13)C(C)(C)C(=O)c1c(O)cc(O)c(c1-4)C2=O,1,1,6
4443,O=C1C=C2C(=CCOC2O)O1,0,1,4
4451,Cc1cc(O)c2c(c1)CC(O)C1=C2C(=O)c2c(O)ccc(OC3CC(O)C(OC4CC(OC5CCC(OC6CC(O)C(OC7CC(OC8CCC(O)C(C)O8)C(O)C(C)O7)C(C)O6)C(C)O5)C(O)C(C)O4)C(C)O3)c2C1=O,1,1,9
4453,CC(C)=CCCC(C)=CCC(CC1(O)C(=O)c2cc(O)cc(O)c2C(=O)C1(C)Cl)=C(C)C,1,1,4
4457,CCCCCCc1c(O)cc(CC(C)C)oc1=O,0,1,5
4458,C=C(C)C1=NC(c2nc(C=CC(OC)C(C)C(=CC(=O)OC)OC)cs2)CS1,0,1,3
4464,CC1CCC=CC=CCCC(O)CC(O)CC2CCC(C)C(O)(O2)C(O)C(=O)OC(C)CCC=CC=CCCC(O)CC(=O)CC2CCC(C)C(O)(O2)C(O)C(=O)O1,1,1,7
4484,CCC1OC(=O)C(C)C(OC2CC(C)(O)C(O)C(C)O2)C(C)C(OC2OC(C)CC(N(C)C)C2O)C(C)(O)CC(C)C(=O)C(C)C(O)C1C,1,1,2
4495,CCCCC1CCCCC(C)Cc2cc(O)c(c(O)c2)C(CCCC)CCCCC(C)Cc2cc(O)c1c(O)c2,0,1,5
4498,CCC1(O)CC(OC2CC(N(C)C)C(OC3CC4OC5CC(=O)C(C)OC5OC4C(C)O3)C(C)O2)c2c(cc3c(c2O)C(=O)c2c(O)ccc(O)c2C3=O)C1C(=O)OC,1,1,9
4504,CCCCC1CCCCC(C)Cc2cc(O)c(c(O)c2)C(CCCC)CCCCC(C)C(OC(C)=O)c2cc(O)c1c(O)c2,0,1,4
4507,CC12Cc3cc4c(c(O)c3C(=O)N1C(C(=O)O)CO2)-c1c(cc2oc3c(O)cccc3c(=O)c2c1O)CC4,1,1,6
4510,CC(C)CCCCCCCCCCc1c(O)cc(CC(C)C)oc1=O,0,1,5
4512,COC1c2c(cc(O)c3c2C(=O)c2cccc(O)c2-3)C(=O)C2(C)OC12,1,1,6
4515,CC1=C2C(=COC(C)C2C)C(O)=C(C(=O)O)C1=O,0,1,4
4516,CCC1OC(=O)C(C)C(OC2OC(C)CC(N(C)C)C2O)C(C)CC(C)C(=O)C=CC1(C)O,1,1,8
4518,COC(=O)c1c(C)cc2c(c1O)C1(O)C(=O)c3cc4c(c(O)c3C(=O)C1(OC)CC2)C(=O)C=C(NC1OC(C)C(O)C(O)C1OC)C4=O,1,1,9
4524,CC(=CC(C)CCCCC(=O)O)C1OC2C=CC1OC(=O)C=CC=CC=CC1OC3CC1OC(C=CCC1OC(CC(O)C1C)C(O)C(O)C=CCCC=CC2)C3C,1,1,0
4527,CCCCCCC1=C(O)CC(CCCCC)OC1=O,1,1,5
4530,CC(=O)OC1C(C)OC(c2ccc3c(c2O)C(O)C24OC2(C3=O)C2(O)C(=O)C=C(C)CC2(O)CC4O)CC1OC(=O)C=CC=CC=CC=CC(=O)Nc1c(O)c2ccc(O)c(Cl)c2oc1=O,1,1,1
4533,CCC(C)CCCCC(O)C1C(=O)OCC1CO,0,1,3
4538,CC(C)CCCCCCc1c(O)cc(CC(C)C)oc1=O,0,1,5
4539,COC(C(O)CC(=O)C(C)C(O)CCC(C)C1OC2(CCC(C)C(CCC(C)C(C)=O)O2)CCC1C)C(OC(=O)CC(O)C1=C(C)C(=O)OC1=O)C(C)C,0,1,3
4546,CCCCCCCCCCc1c(O)cc(CC(C)C)oc1=O,0,1,5
4547,COC1C=CC=CCC(OC)c2coc(n2)CC(O)C(C)(C)C(CC(OC)C(C)CCC(=O)C(C)C(CC=CN(C)C=O)OC)OC(=O)CC(O)CC(OC)C=CC=CCC(OC)c2coc(n2)CC(O)C(C)(C)C(CC(OC)C(C)CCC(=O)C(C)C(CC=CN(C)C=O)OC)OC(=O)CC(O)C1,0,1,0
4548,CCC(C=Cc1cccc(=O)o1)=CC=Cc1ccccc1,0,1,5
4550,CCCCCCCC(O)C1C(=O)OCC1CO,0,1,3
4552,CC(=O)OC1c2nc(cs2)C(=O)OC(CCCC(C)(Cl)Cl)C(C)C(=O)OC(C(C)(C)O)c2nc(cs2)C(=O)OC1(C)C,0,1,3
4556,CCCCC1CCCCC(C)C(OC(C)=O)c2cc(O)c(c(O)c2)C(CCCC)CCCCC(C)C(OC(C)=O)c2cc(O)c1c(O)c2,0,1,4
4559,CC1OC2CC(=O)OC2C2=C1C(=O)c1c(O)c3c(c(O)c1C2=O)C1CC(O)C3(O)C(C)O1,1,1,1
4560,CC=C(C)C=C(C)C(O)C(C)C(O)C(O)C1CC=CC=CC(O)CC(O)C(C)c2nc(cs2)C=C(CCCCCC)C(=O)O1,1,1,3
4563,CCC(OC1CC(C)(O)C(OC2CCC(OC(=O)C(C)C(O)c3ccc4c(c3)C(=O)C=C(C)C4=O)C(C)O2)C(C)O1)C(C)C(O)C(C)C(O)C(C)C1OC(=O)C=CC(C)C(O)CC(O)CCCC(O)CCC(C)C(O)C(=O)C2(O)CC(O)CC(CC(O)CC(O)CC(O)CCCC(O)C=CC1C)O2,0,1,0
4576,COc1cc(O)c2c(c1)C(=O)c1cc3c(c(O)c1C2=O)C(OC1CC(C)(N(C)C)C(OC2CC(C)(O)C(N(C)C)C(C)O2)C(C)O1)C(OC)C(C)(O)C3=O,0,1,9
4577,CC1OC(OC2CCC(OC3C(O)CC(c4ccc5c(c4O)C(=O)C4=C(C5=O)C5(O)C(=O)CC(C)(OC6CCC(OC7CCC(=O)C(C)O7)C(C)O6)CC5(O)C=C4)OC3C)OC2C)CCC1=O,0,1,9
4578,COC(C(=O)C(O)C(C)O)C1Cc2cc3cc(OC4CC(OC5CC(O)C(O)C(C)O5)C(O)C(C)O4)c(C)c(O)c3c(O)c2C(=O)C1OC1CC(OC2CC(OC3CC(C)(O)C(O)C(C)O3)C(O)C(C)O2)C(O)C(C)O1,1,1,8
4587,COC1CC(O)C=CC=CC=CC(C)C(C(C)C(O)CC(C)O)OC(=O)C=CC=CC=CC(C)=CC(C)C(OC2OC(C)C(O)C(OC)C2OC)C=CC=Cc2coc(n2)C1C,0,1,0
4590,CC1(O)CC(=O)c2c(cc(O)c3c2C(=O)c2cccc(O)c2C3=O)C1,1,1,6
4600,C=C(C)C1COc2c(C)cc3oc4c(CC=C(C)C)ccc(O)c4c(=O)c3c2C1O,0,1,6
4757,CC(C)=CC(O)C1CCC(CC2CC(C)=CC3(CC(O)C4OC(CC(C)C5OC5CCC=CC(C)=CC=CCCO)C(O)CC4O3)O2)O1,0,1,3
4846,COC(C(=O)C(O)C(C)O)C1Cc2cc3cc(OC4CC(OC5CC(O)C(OC)C(C)O5)C(OC(C)=O)C(C)O4)c(C)c(O)c3c(O)c2C(=O)C1OC1CC(OC2CC(OC3CC(C)(O)C(OC(C)=O)C(C)O3)C(O)C(C)O2)C(O)C(C)O1,1,1,8
4935,CC1OC2CC(=O)OC2C2=C1C(=O)c1c(O)cccc1C2=O,0,1,1
4947,COC1CC(C)OC(OC2CCC(C)(O)C(=O)C=CC3OC3C(COC3OC(C)C(O)C(OC)C3OC)C(C)OC(=O)C=CC2C)C1O,1,1,8
4966,CCC1OC(=O)CC(O)C(C)C(OC2OC(C)C(OC3CC(C)(O)C(O)C(C)O3)C(N(C)C)C2O)C(CCO)CC(C)C(=O)C=CC(C)=CC1COC1OC(C)C(O)C(OC)C1OC,1,1,2
4967,CCCC(=O)OC1C(OC2C(CC=O)CC(C)C(=O)C=CC3(C)OC3C(C)C(CC)OC(=O)CC(O)C2C)OC(C)CC1N(C)C,1,1,8
4968,CCC(=O)OC1C(OC2C(CC=O)CC(C)C(=O)C=CC3(C)OC3C(C)C(CC)OC(=O)CC(O)C2C)OC(C)CC1N(C)C,1,1,8
4970,CNC(=N)NCCCC=CCCCC(C)CC(C)C1OC(=O)C(C)C(O)C=CC(C)C(O)CC(O)C(C)C(O)CCC(C)C(O)CC2(O)OC(CC(OC(=O)CC(=O)O)CC(O)CC(O)C(C)C(O)C=CC=CC1C)CC(O)C2O,1,1,0
5014,COc1cccc2c1C(=O)c1c(O)c3c(c(O)c1C2=O)CC(O)(C(C)=O)CC3OC1CC(N)C(O)C(C)O1,1,1,9
5021,COc1cccc2c1C(=O)c1c(O)c3c(c(O)c1C2=O)CC(O)(C(=O)CO)CC3OC1CC(N)C(O)C(C)O1,1,1,9
5029,CC(=O)C1(O)Cc2c(O)c3c(c(O)c2C(OC2CC(N)C(O)C(C)O2)C1)C(=O)c1ccccc1C3=O,1,1,9
5064,Cc1oc(=O)oc1COC(=O)C1=C(C2CCCO2)SC2C(C(C)O)C(=O)N12,1,1,3
5080,CCC1OC(=O)C(C)C(=O)C(C)C(OC2OC(C)CC(N(C)C)C2O)C2(C)CC(C)C(=NC(C)=O)C(C)C(OCC(=NOCc3ccc(-n4cccn4)nc3)CO2)C1(C)O,1,1,8
5265,CC(C)CCCCCCCCc1c(O)cc(CC(C)C)oc1=O,0,1,5
5295,CCCCCCc1c(O)cc(CCC)cc1O,1,1,5
5317,CCC1OC(C(C)=CC(C)C=CC2C(C)C2C=CC2OC(CC(=O)O)CC(N(C)C)C2O)CC=C1C,0,1,0
5318,CCC1OC(C(C)=CC(C)C=CC2C(C)C2C=CC2OC(CC(=O)O)CC(NC)C2O)CC=C1C,0,1,3
5319,CC(=CCC(C)C)C(O)C(C)C=CC=CC=CC1=C(C)C(=O)C(C)(O)O1,0,1,3
5320,COC(C(C)C(O)CC(=O)O)C(C)(C)C(=O)C(C)CC(C)C(O)C1(C)OC1C(C)C=C(C)C,0,1,3
5321,C=CC1OC1(C)CC(C)C(C)=CC=C(C)C=C(OC)C(=CC(=O)OC)OC,0,1,3
5322,CC=C(C)C1CC=C(C)C(OC2OC(CO)C(O)C2O)C(O)C(=O)CCC(C)C(=O)O1,1,1,7
5323,CC=C(C)C1CC=C(C)C(OC2OC(CO)C(O)C2O)C(OC(=O)CC(C)C)C(=O)CC=C(C)C(=O)O1,1,1,0
5324,CC=C(C)C1CC=C(C)C(OC2OC(CO)C(O)C2O)C(OC(=O)CC(C)C)C(=O)C=CC(C)C(=O)O1,1,1,0
5325,CCC1OC(C(C)=CC(C)C=CC2CC(OC)=C(CO)C(=O)O2)CC=C1C,0,1,3
5327,CC(C=CCCCCC=Cc1oc(=O)c(C)c(O)c1C)=CC=CC(C)C(O)C(C)CCc1ccccc1,1,1,5
5328,CC(C=CC=CC(O)CC=C1OC(C)C(=O)C(C)=C1O)=CC=CC(C)C(O)C(C)CCc1ccccc1,1,1,3
5329,CCC=CC=CC=C(C)C(O)CC(O)C(C)(O)C(O)CC=CC=CC=C(C)C=CC(O)CC=CC(=O)O,1,1,3
5341,CC(=Cc1csc(C)n1)C1CC2OC2CCCC(C)C(O)C(C)C(=O)C(C)(C)C(O)CC(=O)O1,0,1,7
5350,CC(=CCc1ccccc1)CCC(=O)CC1CC(O)CC(C)=CCC=CCC(CC(=O)O)=CC(=O)O1,1,1,3
5354,COC(CC(=O)O)C(C)C(=O)C(C)C=C(C)C1OC(=O)C(O)C(O)C=CC(C)CCCC1C,1,1,3
5355,CSC1=CC(=O)C(N)=C(Cl)C1=O,1,1,6
5416,COc1oc(CC=C(C)CCCC(C)=CC(C)O)c(C)c(=O)c1C,0,1,5
5417,CCCCCCCCCC1(CO)CCC(C)C(=O)O1,0,1,3
5419,O=c1c2cccc(O)c2c(=O)c2c(O)c3c(cc12)c(=O)c1c(O)cccc13,1,1,6
5428,Oc1ccc(Oc2cc(Br)c(Oc3ccc(O)c(Oc4ccc(Br)cc4Br)c3Br)c(Oc3ccc(Br)cc3Br)c2)cc1Br,1,1,6
5429,O=S(=O)(O)Oc1ccc(Oc2cc(Br)c(Oc3ccc(OS(=O)(=O)O)c(Oc4ccc(Br)cc4Br)c3Br)c(Oc3ccc(Br)cc3Br)c2)cc1Br,1,1,6
5430,O=S(=O)(O)Oc1ccc(Oc2c(Br)cc(Oc3ccc(O)c(Br)c3)cc2Oc2ccc(Br)cc2Br)c(Br)c1Oc1ccc(Br)cc1Br,1,1,6
5460,CCCC1CCCCCCCCCCCC#Cc2cc(O)c1c(O)c2,1,1,5
5479,COC1CC2CC=CC(CC(O)CC=C(C)C=CC(=O)OC(C(C)C(O)C(C)CCC(=O)C(C)C(OC)C(C)C=CN(C)C=O)C(C)C(OC)CC(OC)C1C)O2,0,1,0
5480,COC1CC2C=CCC(CC(OC)C3(CO3)C(OC)CC(OC)C(C)C(C(C)C(O)C(C)CCC(=O)C(C)C(OC)C(C)C=CN(C)C=O)OC(=O)C=CC(C)=CC1O)O2,0,1,0
5481,CCCCCCCCCCCC1(CO)CCCC(=O)O1,0,1,3
5504,CCCCCCCC=C(C)C(=O)c1cc(C(=O)CC)oc1O,1,1,5
5607,CC(=O)OC1CC(=O)OC2CC(CCC(Cl)=CCC=C1C)OC2C(O)C=C(C)CC(=O)O,0,1,3
5615,CCCCCCCCCC(O)CC1CC(O)CC(C)=CCC=CCC(CC(=O)O)=CC(=O)O1,1,1,3
5621,CC1=CCC(O)C(C)C(O)C=CC=CC=CC2C(C)=CC3C(C2C(c2ccc(O)cc2)OC(=O)C=C1)C(C)(C)CC3(C)O,1,1,7
5677,COC(=O)C1(O)C(=O)C(C)=COc2oc3cccc(O)c3c(=O)c21,0,1,6
5759,Cc1cc(=O)c(O)co1,0,1,6
5875,CCCCCc1cc(O)cc(O)c1,0,1,5
6059,Cc1ccnc2c1C(=O)c1ccccc1-2,0,1,6
6235,CCC(C)C(=O)c1c(O)cc(O)cc1OCC=C(C)CC=CC(C)(C)O,0,1,5
6236,C=C(C)C(O)CCC(C)=CCOc1cc(O)cc(O)c1C(=O)C(C)CC,0,1,5
6237,C=C(C)C(CCC(C)=CCOc1cc(O)cc(O)c1C(=O)C(C)CC)OO,0,1,5
6238,CCC(C)C(=O)c1c(O)cc(O)cc1OCC=C(C)CCC1OC1(C)C,0,1,5
6903,CCCCCC1OC(=O)Cc2cc(OC)c(O)c(O)c21,0,1,4
6961,CCc1oc(OC)c(Cc2c(O)c(CC=C(C)C)c(O)c(C(C)=O)c2O)c(=O)c1C,0,1,5
6962,CCc1oc(=O)c(Cc2c(O)c(C(C)=O)c(O)c3c2OC(C)(C)CC3)c(O)c1C,0,1,5
6963,CCc1c(C)oc(=O)c(C(C)c2c(O)c(CC=C(C)C)c(O)c(C(C)=O)c2O)c1O,0,1,5
7205,OCc1cc(O)c(O)c(Br)c1Cc1cc(O)c(O)c(Br)c1Br,0,1,6
7254,CCC1CC(C)C(=O)C=CC(C)=CC(C)C(CC)OC(=O)CC(O)C(C)C1OC1OC(C)C(OC2CC(C)(O)C(O)C(C)O2)C(N(C)C)C1O,0,1,2
7294,Cc1cc(=O)cc(Cc2cc(O)cc(O)c2)o1,0,1,6
7381,Cc1cc(=O)c2c(o1)OC1(C)C(CCC3C(C)(C)C(O)CCC31C)C2,0,1,1
7382,Cc1cc(=O)c2c(o1)OC1(C)C(CCC3C(C)(C)C(=O)CCC31C)C2,0,1,1
7585,CC(C=CC=CC(O)CC(O)CC1=C(C)C(=O)C(C)(O)O1)=CC=CC(C)C(O)C(C)CCc1ccccc1,0,1,3
7586,CC(C=CC=CC(O)CC(O)CC1=C(C)C(=O)C(C)(O)N1CCO)=CC=CC(C)C(O)C(C)CCc1ccccc1,0,1,3
7588,CC(C=CC=CC(O)CC=C1OC(C)C(O)=C(C)C1=O)=CC=CC(C)C(O)C(C)CCc1ccccc1,0,1,3
7680,O=C1C=CC(O)C23OC12C1(Oc2cccc4cccc(c24)O1)C(O)C(O)C3O,0,1,1
7681,O=C1CC(O)C(O)C23OC12C1(Oc2cccc4cccc(c24)O1)C1OC1C3O,0,1,1
7682,COC1CC(=O)C23OC2(C1O)C(O)C1OC1C31Oc2cccc3cccc(c23)O1,0,1,1
7683,Oc1ccc(O)c2c1C(O)C1OC1C21Oc2cccc3cccc(c23)O1,0,1,1
7684,O=C1CC(O)C2(Oc3cccc4cccc(c34)O2)c2c(O)ccc(O)c21,0,1,1
7685,O=C1CCC(O)C23OC12C1(Oc2cccc4cccc(c24)O1)C(O)C(O)C3O,0,1,1
7686,OC1C(O)C2(Oc3cccc4cccc(c34)O2)C23OC2(C(O)C=CC3O)C1O,0,1,1
7687,OC1C(O)C2(Oc3cccc4cccc(c34)O2)C23OC2(C(O)CCC3O)C1O,0,1,1
7688,O=C1CC(O)C(O)C2=CC(O)C(O)C3(Oc4cccc5cccc(c45)O3)C12O,0,1,1
7689,O=C1CCC2(Oc3cccc4cccc(c34)O2)c2c(Cl)ccc(O)c21,0,1,6
7690,COC(=O)C1(O)C(=O)c2c(O)ccc(O)c2C12Oc1cccc3cccc(c13)O2,0,1,1
7691,COC(=O)C1(O)C(=O)c2c(O)cccc2C12Oc1cccc3cccc(c13)O2,0,1,1
7692,CC(=O)CC1(O)C(=O)c2c(O)ccc(O)c2C12Oc1cccc3cccc(c13)O2,0,1,1
7693,OC1C=CC(O)C23OC12C(O)C1OC1C31Oc2cccc3cccc(c23)O1,0,1,1
7694,OC1CCC(O)C23OC12C(O)C1OC1C31Oc2cccc3cccc(c23)O1,0,1,1
7695,O=C1CC2(Oc3cccc4cccc(c34)O2)c2c(O)ccc(O)c21,0,1,6
7786,CCCCCCCC1Cc2c(C)c(O)cc(O)c2CO1,0,1,5
7859,COC(=O)c1c(OC)cc2cc3c(c(O)c2c1C)C(=O)OC3C1(O)C(O)C(=O)C=C(OC)C1O,0,1,1
7860,COC(=O)c1c(OC)cc2cc3c(c(O)c2c1C)C(=O)OC3C1(O)C(O)C(OC)=CC(=O)C1OC,0,1,1
7861,COC(=O)c1c(OC)cc2cc3c(c(O)c2c1C)C(=O)C1(O)C(OC)=CC(=O)C(OC)C1(O)C3=O,0,1,1
8147,COc1cc(OC)c2c(=O)c3cccc(O)c3oc2c1,0,1,6
8194,CCC(C)C(=O)C(C)c1oc(=O)c(C)c(O)c1C,0,1,5
8216,Cc1ccc2c(c1)C(=O)c1cc(O)cc(O)c1C2=O,0,1,6
8403,CNC(=N)NCCCC=CCCCC(C)CC(C)C1OC(=O)C(C)C(O)C=CC(C)C(O)CC(O)C(C)C(O)CCC(C)C(O)CC2(O)OC(CC(O)CC(OC(=O)CC(=O)O)CC(O)C(C)C(O)C=CC=CC1C)CC(OC(=O)CC(=O)O)C2O,0,1,0
8414,CNC(=N)NCCCC=CCCCC(C)CC(C)C1OC(=O)C(C)C(O)C=CC(C)C(O)CC(O)C(C)C(O)CCC(C)C(O)CC2(OC)OC(CC(OC(=O)CC(=O)O)CC(O)CC(O)C(C)C(O)C=CC=CC1C)CC(O)C2O,0,1,0
8427,CNC(=N)NCCCC=CCCCC(C)CC(C)C1OC(=O)C(C)C(O)C=CC(C)C(O)CC(O)C(C)C(O)CCC(C)C(O)CC2(O)OC(CC(OC(=O)CC(=O)O)CC(O)CC(O)C(C)C(O)C=CC=CC1C)CC(OC(=O)CC(=O)O)C2O,0,1,0
8430,CNC(=N)NCCCC=CCCCC(C)CC(C)C1OC(=O)C(C)C(O)C=CC(C)C(O)CC(O)C(C)C(O)CCC(C)C(OC(=O)CC(=O)O)CC2(O)OC(CC(OC(=O)CC(=O)O)CC(O)CC(O)C(C)C(O)C=CC=CC1C)CC(O)C2O,0,1,0
8531,CCCCCCC(C)C=C(C)C(=O)OC1(C)C(=O)C=C2C=C(C3=C(C)CC(O)CC3=O)OC=C2C1=O,0,1,3
8672,CCC1CC(C)C(=O)C=CC(C)=CC(CO)C(CC)OC(=O)CC(O)C(C)C1OC1OC(C)C(OC2CC(C)(O)C(O)C(C)O2)C(N(C)C)C1O,0,1,2
8699,CC1=C(O)C(=O)c2ccc(C)cc2C1=O,0,1,6
8719,O=C1CCC2(Oc3cccc4cccc(c34)O2)c2c(O)ccc(O)c21,0,1,6
8739,CCCCCC1CC(O)CC(=O)OC(CCCCC)CC(O)CC(=O)O1,0,1,3
8801,C=C(C)C1CCC(C)=CC1c1c(O)cc(CCCCC)c(C(=O)OC)c1O,0,1,5
8804,CCCCCc1cc(O)c(CC=C(C)CCC=C(C)C)c(OC)c1,0,1,5
8809,C=C(C)C1CCC(C)=CC1c1c(O)cc(CCCCC)cc1OC,0,1,5
8992,O=C1C=CC(O)C23OC12C1(Oc2cccc4cccc(c24)O1)C1OC1C3O,0,1,1
9515,CC(=O)OC1C=CC2OC2C(=O)OC(C)CC1O,0,1,7
9533,CC1CC(O)C(O)C=CC=CC(=O)O1,0,1,7
9549,CC(=O)OC1CC(C)OC(=O)CCC(O)CC1=O,0,1,7
10346,C=CC=C(C)CCC1CC=CC=C(C)C(OP(=O)(O)O)CCCC=CC=CC=CCC(C)C(=C)CC(=O)O1,1,1,3
10349,CCCC1OC(C)=Cc2cc3c(c(O)c21)C(=O)C(C1OCC(O)C(CO)O1)=CC3=O,1,1,1
10352,CC1OC2CC(=O)OC2c2c(O)c3c(c(O)c21)C(=O)C1=C(C3=O)C2CC(O)C1(O)C(C)O2,1,1,1
10353,COC(=O)C1c2cc3c(c(O)c2C(OC)CC1(C)O)C(=O)c1c(O)cc2c(c1C3=O)OC1OC2(C)C(O)C(N(C)C)C1O,1,1,9
10354,CC1OC(OC2CCC(OC3(C)CC(=O)C4(O)C5=C(C=CC4(O)C3)C(=O)c3c(ccc(C4CC(O)C(OC6C=CC(=O)C(C)O6)C(C)O4)c3O)C5=O)OC2C)C=CC1=O,1,1,9
10376,CCCCC1CCCCC(C)C(O)c2cc(O)c(c(O)c2)C(CCCC)CCCCC(C)C(O)c2cc(O)c1c(O)c2,0,1,4
10381,CCCC1CC2CCC(O2)C(C)C(=O)OC(C(C)C2CCC(CC(CCC)N(C)C)O2)C(C)C2CCC(O2)C(C)C(=O)O1,1,1,7
10388,CCC1OC(=O)CC(O)C(C)C(OC2CC(N(C)C)C(OC3CC(C)(O)C(O)C(C)O3)C(C)O2)C(CC=O)CC(C)C(=O)C=CC2(C)OC2C1COC1OC(C)C(O)C(OC)C1OC,1,1,2
10390,COCC(CC1OC(O)(C(O)C2CC(OC)C(O)CCC=C(C)C=CC(OC3OC(C)C(OC)C(O)C3O)C(C)C=C(C)C=C(C)C=C(C)C(=O)O2)C(C)C(O)C1C)OC1CC(C)(O)C(OC2CC(OC)C(O)C(C)O2)C(C)O1,0,1,0
10391,CCC(C)C1OC2(C=CC1C)CC1CC(CC=C(C)C(OC3CC(OC)C(OC4CC(OC)C(O)C(C)O4)C(C)O3)C(C)C=CC=C3COC4C(O)C(C)=CC(C(=O)O1)C34O)O2,0,1,0
10393,COC1CC(C)OC(OC2C(C)C=CC(=O)OC(C)C(COC3OC(C)C(O)C(OC)C3OC)C3OC3C=CC(=O)C(C)(O)CC2C)C1O,1,1,8
10394,CCCCCCC1CC(=O)CCCC(O)CC(O)=C2C(=O)C(OC3CC(OC)C(O)C(C)O3)CC2C=C(C)C=CC=CC(=O)N1,1,1,7
10395,CC=C(C)C(O)C(C)C=CC=C(C)CCC(O)CC1=C(C)C(=O)C(C)(O)O1,0,1,3
10396,CC(C=CCCC=CC=CC=CC=CC(=O)NC1=C(O)CCC1=O)C(O)C(C)C(O)C=CC=CC=CC=CC=CCC(OC1OC(C)C(O)C(O)C1O)C(C)C(=O)CC(O)CC(O)CC(O)C=CCC(O)CC(O)CC(O)CC(O)C=CCC(O)CC(O)CCCN,0,1,7
10397,CCC(C)C(O)C(C)C(=O)C(C)C=C(C)CC(C)C1OC(=O)C1C,0,1,3
10398,COC(C)C(C)C(O)C(C)C(O)CCC(C)C1CC=CC=CCC(O)C2OC2C(O)C(C)C=C(C)C=C(C)C(=O)O1,0,1,7
10399,CC(O)(C=CC1CC=CC(=O)O1)C(CC(O)C=CC=CC=CCO)OP(=O)(O)O,0,1,3
10402,CCC(=O)OC(C(C)C(=O)O)C(C)C1OC2(CCC(C)(C3CCC(C)(C4OC(C5OC(O)(CO)C(C)CC5C)CC4C)O3)O2)CC(O)C1C,1,1,0
10403,COC1CC(C)OC(OC2C(C)CC(C)(O)C(=O)C(C)C(OC(C)=O)C(C)C(C(C)C(C)O)OC(=O)C(C)C(OC3CC(C)(OC)C(OC(C)=O)C(C)O3)C2C)C1O,1,1,8
10404,CCC1OC(=O)C(C)C(OC2CC(C)(O)C(O)C(C)O2)C(C)C(OC2OC(C)CC(N(C)C)C2O)C(C)(OC2CC(N(C)C)C(O)C(C)O2)CC(C)C(=O)C(C)C(O)C1(C)O,1,1,2
10405,CC(=CC=CC(C)=CC(O)C(O)CC(C)O)C=C(C)C=CC(=O)OC1CCCC(=O)OC(C(C)CC(C)=CC(C)C(O)CC(C)O)CC=C(C)CC1C,0,1,3
10406,COC1CCC(OC2CC(C3(C)CCC4(CC(O)C(C)C(C(C)C=C(C)C(=O)C(C)CC(C)C(=O)O)O4)O3)OC3(OC(C4OC(O)(CO)C(C)CC4C)CC3C)C2C)OC1C,1,1,0
10407,COC1C(O)CC(=O)OC(C)CC=CC=CC(=O)C(C)CC(CC=O)C1OC1OC(C)C(OC2CC(C)(O)C(OC(=O)CC(C)C)C(C)O2)C(N(C)C)C1O,1,1,2
10408,CCC1C=CC(=O)OC1C=CC(O)(CCN)C(CC(O)C=CC=CC1CCCCC1)OP(=O)(O)O,0,1,3
10410,CCCC1CC=CC=CC=CC=CC(OC2OC(C)C(O)C(N)C2O)CC2OC(O)(CC(O)CCCC(=O)CC(O)C(CC)C(=O)O1)CC(O)C2C(=O)O,0,1,0
10413,COC(C)C1CC(C)C(C(C)C=CC2CCC(C)C(C(=CC3CCCC(C)C3C(C)C(O)=C3C(=O)COC3=O)CO)O2)O1,1,1,3
10415,CNC1C(O)CC(OC2CC=C(C)CC(C)=CC=CCCC(C)CNC(=O)C=CC=CC2C)OC1C,0,1,7
10417,CC1c2c(O)cc(O)c3c2C2C(CC(O)=C4C(=O)c5c(O)cc(O)cc5C(C3=O)C42Cc2cc(O)cc(=O)o2)C1O,0,1,1
10418,CCC1(O)CC(OC2CC(N(C)C)C(OC3CC(O)C(OC4CCC(=O)C(C)O4)C(C)O3)C(C)O2)c2c(cc3c(c2O)C(=O)c2c(O)cccc2C3=O)C1C(=O)OC,0,1,9
10420,COc1cc2c(oc(=O)c3cc(C)cc(OC)c32)c2c(C3OC(C)C(O)C(C)(O)C3O)ccc(O)c12,1,1,1
10422,CC(=O)C1=C2C(=C3C1=C(O)C(=O)c1c(O)cccc13)C(C(C)=O)C(O)(C(=O)O)c1c(O)cccc12,0,1,6
10423,CCCC1Cc2cc3c(c(O)c2C(=O)O1)-c1c(c(OC)c2oc4ccc(OC5CC(O)C(OC6CC(O)C(OC7CC(OC)C(O)C(C)O7)C(C)O6)C(C)O5)c(O)c4c(=O)c2c1O)C(O)C3O,1,1,9
10425,Cc1cc2c(c3oc(C4(C)OC4C4OC4C)cc(=O)c13)C(=O)c1c(O)c(C3CC(C)(N(C)C)C(O)C(C)O3)cc(C3CC(N(C)C)C(O)C(C)O3)c1C2=O,1,1,9
10426,CCC(C)C1C(=O)OC2c3cc(C)cc(O)c3C3=C(C(=O)c4c(O)cccc4C3=O)N21,1,1,6
10427,COc1cccc2c1C(O)C1(O)C=Cc3cc(C)cc4c3C1C2O4,0,1,1
10429,CC1OC2CC(=O)OC2C2=C1C(=O)c1cc(C3CC(N(C)C)C(O)C(C)O3)ccc1C2=O,1,1,1
10430,CC1CC2CCC(O2)C(C)C(=O)OC(C)CC2CCC(O2)C(C)C(=O)OC(C)CC2CCC(O2)C(C)C(=O)OC(C)CC2CCC(O2)C(C)C(=O)O1,1,1,3
10431,CN(C)C1C(=O)C(=C(N)O)C(=O)C2(O)C(=O)C3=C(O)c4c(O)cccc4C(C)(O)C3C(O)C12,1,1,1
10433,C=Cc1cc(OC)c2c(c1)c(=O)oc1c2cc(OC)c2c(O)ccc(C3OC(C)C(OC(C)=O)C(N(C)C)C3O)c21,0,1,1
10434,CCC1(O)CC(OC2CC(N(C)C)C(O)C(C)O2)c2c(O)c3c(c(O)c2C1OC1CC(N(C)C)C(O)C(C)O1)C(=O)c1cccc(O)c1C3=O,1,1,9
10435,CSC1=CC2=C(C(=O)c3ccc(C4CC(OC5CCC(OC6CC(O)C(O)C(C)O6)C(C)O5)C(O)C(C)O4)c(O)c3C2=O)C2(OC3CCC(O)C(C)O3)C(=O)CC(C)(O)CC12O,1,1,9
10441,COC1C(O)CC(OC2CC(Oc3cc4cc5c(c(O)c4c(O)c3C)C(=O)C(OC3CC(OC4CC(OC6CC(C)(O)C(O)C(C)O6)C(O)C(C)O4)C(O)C(C)O3)C(C(OC)C(O)C(O)C(C)O)C5)OC(C)C2O)OC1C,1,1,8
10529,COC(C(C)O)C(C)C1OC1(C)CC(C)C=CC=C(C)C1OC(CC(=O)O)CCC1C,1,1,7
10530,CC(=O)C1(O)C(O)CC(OC2c3cc4c(c(O)c3C3CC2(C)OC32C=C3CCN=C3N2)C(=O)c2cccc(O)c2C4=O)OC1C,1,1,9
10543,COC1CC2C=C(C)C=CC=CC(=O)NC(c3ccccc3)CC=CCCC(O)CC(=O)C2=C1O,1,1,4
10546,CCCC1C(=O)C2CCC3(C)CC(C)C(O3)C(O)C=C(C)C(=O)CC1OC2=O,1,1,7
10547,COC(=O)c1cccc2oc(-c3cccc4oc(-c5c(C)cccc5O)nc34)nc12,0,1,6
10550,CC(O)CC1CC23OC(=O)C(=C2O)C(=O)C2(C)C(C=CC4CC(C)CCC42)C(C)C=CCC3(C)C=C1CO,1,1,3
10555,CC1=CCC2C(C=CC3C(C)C=CC=CC(C)OC(=O)C(C)C(=O)C=C(O)C32)C1,1,1,3
10558,Cc1cc(O)c(Cl)c2c1C1OC(C)(Cc3cc4c(c(O)c31)C(=O)c1c(O)cc(O)c(Cl)c1C4(C)C)O2,1,1,1
10561,CC(O)C12OC13c1cc(O)c4c(c1NC2C#CC=CC#CC3O)C(=O)c1ccccc1C4=O,1,1,6
10562,CC1CC(C)C(O)C(C)C=CC(=O)OC(C)C(C)C=CC=CC1=O,0,1,7
10565,COc1c(O)cc2c(c1O)C(=O)c1c(coc1CO)C2OC,0,1,6
10570,CCCC(C)C=C(C)C(=O)OC1C(C)OC(OC2CCC(OC3C(O)=C(C(C)=O)C(=O)C4(O)C(=O)c5c(O)c6c(c(C)c5CC34O)C(=O)C(OC)=CC6=O)OC2C)CC1(C)O,1,1,1
10572,CC1CC(C)(O)C(=O)CC2C(=C1O)C(=O)OC13CC(C)C(C)(OC1=O)C(O)C23,1,1,4
10573,CC(=O)CC(C)C(=O)C1=C(O)C2(CC(C)C(C)=CC2C=CC(=O)O)OC1=O,1,1,3
10574,CC=C(C)CC(C)C(O)C(C)C1OC2(CC(OC)C1C)OC(C(C)C(O)C(C)C=CC=CC=CC=CC=CC(CC(=O)O)OC)C(C)CC2O,0,1,0
10575,CC1CCCC=CC=CC(O)CC(O)CC=CC=CC(O)CC=CC=CC(=O)O1,1,1,7
10578,CC1CCCC=CC=CC(=O)CC(O)CC=CC=CC(O)CC=CC=CC(=O)O1,1,1,7
10579,CCCC1OC(C)=Cc2cc3c(c(O)c21)C(=O)C(C1OC2COC(O)C2O1)=CC3=O,1,1,4
10580,CCCC1OC(C)=Cc2cc3c(c(O)c21)C(=O)C(C1OC(CO)C(O)C1O)=CC3=O,1,1,1
10582,COc1cc(O)c2c(c1)C(=O)c1cc3c(c(O)c1C2=O)C(OC1CC(O)C(O)C(C)O1)C(OC)C(C)(O)C3=O,0,1,9
10583,COc1cc(O)c2c(c1)C(=O)c1cc3c(c(O)c1C2=O)C(OC1CC(OC)C(O)C(C)O1)C(OC)C(C)(O)C3=O,0,1,9
10590,COc1cc(O)c2c(c1)C(=O)c1cc3c(c(O)c1C2=O)C(OC1OC(C)C(O)C(O)C1OC)C(OC)C(C)(O)C3,1,1,9
10613,C=CCC(CCC(C)=CC=CCCC=CC1CSC(C2CC2C)=N1)OC,0,1,3
10657,CCC1OC(=O)C(C)C(OC2CC(C)(O)C(OC(C)=O)C(C)O2)C(C)C(OC2OC(C)CC(N(C)C)C2O)C(C)(OC2CC(N(C)C)C(O)C(C)O2)CC(C)C(=O)C(C)C(O)C1(C)O,1,1,2
10658,CCC1OC(=O)C(C)C(OC2CC(C)(OC(C)=O)C(OC(C)=O)C(C)O2)C(C)C(OC2OC(C)CC(N(C)C)C2O)C(C)(OC2CC(N(C)C)C(O)C(C)O2)CC(C)C(=O)C(C)C(O)C1(C)O,1,1,2
10659,CCC(=O)OC1C(C)OC(OC2C(C)C(=O)OC(CC)C(C)(O)C(O)C(C)C(=O)C(C)CC(C)(OC3CC(N(C)C)C(O)C(C)O3)C(OC3OC(C)CC(N(C)C)C3O)C2C)CC1(C)OC(C)=O,1,1,2
10660,CCC1OC(=O)C=CC(C)C(OC2OC(C)CC(N(C)C)C2O)C(C)CC(C)C(=O)C=CC2OC2C1(O)COC1OC(C)C(O)C(OC)C1OC,1,1,8
10664,CC1=CC=CC2(C)C=C(COC3OC(CO)C(O)C(O)C3O)C(C)CC23OC(O)C(C3=O)C(O)C=CC2(C)C=C(C=O)C(C)CC23OC(O)C(C3=O)C(O)C(C)=CC=CC2C=C(COC3OC(CO)C(O)C(O)C3O)C(C)CC23OC(O)C(C3=O)C(O)C=CC2(C)C=C(C=O)C(C)CC23OC(O)C(C3=O)C1O,0,1,7
10665,CCCCC1(OC(=O)CCC(=O)O)CCC2(CCC(C)C(CC=C(C)C=CC(O)C(C)C=CC(=O)O)O2)OC1C=CC(C)=CC(=O)O,0,1,0
10669,COc1c(O)cc2c(OC)c3c(c(O)c2c1O)C(=O)CC1CC(O)(C2CN2)CC(=O)C31O,1,1,1
10670,CCC1(O)CCc2c(O)c3c(c(O)c2C1OC1CC(N(C)C)C(OC2CC(O)C(OC4CCC(O)C(C)O4)C(C)O2)C(C)O1)C(=O)c1cccc(O)c1C3=O,0,1,9
10671,CCC1(O)CC(OC2CC(N(C)C)C(OC3CC(O)C(OC4CCC(O)C(C)O4)C(C)O3)C(C)O2)c2c(O)c3c(c(O)c2C1OC1CC(N(C)C)C(OC2CC(O)C(OC4CCC(O)C(C)O4)C(C)O2)C(C)O1)C(=O)c1cccc(O)c1C3=O,1,1,9
10672,CCC1(O)CC(OC2CC(N(C)C)C(OC3CC(O)C(OC4CCC(O)C(C)O4)C(C)O3)C(C)O2)c2c(O)c3c(c(O)c2C1OC1CC(N(C)C)C(OC2CCC(OC4CCC(O)C(C)O4)C(C)O2)C(C)O1)C(=O)c1cccc(O)c1C3=O,0,1,9
10674,CCCC1OC2CC(=O)OC2C2=C1C(=O)c1c(O)cccc1C2=O,1,1,1
10675,COc1cccc2c1C(=O)c1c(O)cc3c(c1C2=O)C(=O)CC(C)C3,0,1,6
10676,COc1ccc(O)c2c1C(=O)c1ccc3c(c1C2=O)C(=O)CC(C)C3,0,1,6
10677,COc1ccc(O)c2c1C(=O)c1ccc3c(c1C2=O)C(O)CC(C)C3,0,1,1
10678,COc1cc(Cc2cc(OC)c3c(c2O)C(=O)c2c(ccc4c2C(O)CC(C)C4)C3=O)c(O)c2c1C(=O)c1ccc3c(c1C2=O)C(O)CC(C)C3,0,1,1
10679,COc1c(Cl)ccc2c(=O)c3c(O)c4c5c(c3oc12)OCOC5C(OC)c1cc2c(c(O)c1-4)C(=O)N(C)C(OC)C2O,1,1,6
10711,C=CC(=O)OCCC[Si]1(C)O[Si](C)(CCCOC(=O)C=C)O[Si](C)(CCCOC(=O)C=C)O[Si](C)(CCCOC(=O)C=C)O1,1,1,5
10757,CC1=CC(C)C(O)C(C)C(O)C(C)C(O)C(C)C(O)C(C)C=CC=CC(=O)NC2=C(C)C(=O)c3c(c(O)c(C)c(O)c3C2=O)C1=O,1,1,4
10758,CC1=CC(C)C(O)C(C)C(O)C(C)C(O)C(C)C(O)C(C)C=CC=CC(=O)NC2=C(C)C(=O)c3c(cc(C)c(O)c3C1=O)C2=O,1,1,4
10759,CC1=CC(CO)C(O)C(C)C(O)C(C)C(O)C(C)C(O)C(C)C=CC=CC(=O)NC2=C(C)C(=O)c3c(c(O)c(C)c(O)c3C2=O)C1=O,1,1,4
10760,CC(=O)OC1C(C)C(O)C=COC2(C)Oc3c(C)c(O)c4c(c3C2O)C(=O)C(C)=C(NC(=O)C=CC=CC(C)C(O)C(C)C(O)C1C)C4=O,1,1,4
10761,CC1=CC(C)C2C(C=CC3C(C)C=CC=CC(C)OC(=O)C(C)C(=O)C(Cl)(Cl)C(=O)C32)C1,1,1,3
10767,CC1CCC(O)CC(O)CC(O)CC=CC(=O)OC(C(C)C(O)C(C)C(O)C(C)C(C)OC2CC(O)C(O)C(C)O2)C(C)C2OC2C(O)CCCC(O)CC(O)CC2CC(O)C(O)C(O)(CC1O)O2,0,1,0
10768,COC1C(OCC2C(C)OC(=O)C=CC(C)C(OC3OC(C)CC(O)(C(C)O)C3O)C(C)CC(C)(O)C(=O)CCC3OC32)OC(C)C(O)C1OC,1,1,0
10769,COC1C(OCC2C(C)OC(=O)C=CC(C)C(OC3OC(C)CC(O)(C(C)O)C3O)C(C)CC(C)C(=O)CCC3OC32)OC(C)C(O)C1OC,1,1,0
10770,COC1C(OCC2C(C)OC(=O)C=CC(C)C(OC3OC(C)CC4(OC(=O)OC4C)C3O)C(C)CC(C)(O)C(=O)CCC3OC32)OC(C)C(O)C1OC,1,1,8
10771,COC1C(OCC2C(C)OC(=O)C=CC(C)C(OC3OC(C)CC4(OC(=O)OC4C)C3O)C(C)CC(C)C(=O)CCC3OC32)OC(C)C(O)C1OC,1,1,0
